product_id,title,slug,product_status,product_dimensions,fulfillment_type,master_artwork_id,variant_id,variant_name,variant_type,medium,size_label,width_in,height_in,size_tier,is_custom_size,stored_aspect_ratio,is_active,studio_is_active,studio_only,variant_updated_at,fulfillment_size,raw_width_px,raw_height_px,print_width_px,print_height_px,crop_box,border_mode,print_status,print_updated_at,file_size_bytes,actual_size_inches,effective_source,effective_aspect_ratio,expected_current_tier_dimensions,matches_current_tier_algorithm,cause_confidence,label_dimension_mismatch,nearest_standard,width_difference_inches,height_difference_inches,classification
9a9e0a4f-1a6e-433e-97ce-4e140975d0b7,"Aikens-Rhett House, SC",aikens-rhett-house-sc,active,8x8 in,lumaprints,3c149604-697d-4b8a-a879-583e187d8115,73c20bd8-fe46-4b43-9949-943efbd0fd08,Small — 12 × 11.9 in,canvas_print,canvas,12x11.9,12,11.9,S,False,1.0083333333333333,True,True,False,2026-09-14 18:41:23.484207+00,12x11.9,4840,4800,4840,4800,"{""h"": 1, ""w"": 1, ""x"": 0, ""y"": 0}",full_bleed,ready,2026-07-30 19:23:54.557+00,11313971,12 × 11.9,ready print,1.0083333333333333,12 × 11.9,True,high pattern match; historical creator unverified,,12 × 12,0.0,-0.1,near-standard odd
9a9e0a4f-1a6e-433e-97ce-4e140975d0b7,"Aikens-Rhett House, SC",aikens-rhett-house-sc,active,8x8 in,lumaprints,3c149604-697d-4b8a-a879-583e187d8115,9a21889a-0b27-470a-b8b3-1a5f883c18ee,Medium — 20 × 19.85 in,canvas_print,canvas,20x19.85,20,19.85,M,False,1.0083333333333333,True,True,False,2026-09-14 18:41:23.484207+00,20x19.85,4840,4800,4840,4800,"{""h"": 1, ""w"": 1, ""x"": 0, ""y"": 0}",full_bleed,ready,2026-07-30 19:23:54.557+00,11313971,20 × 19.85,ready print,1.0083333333333333,20 × 19.85,True,high pattern match; historical creator unverified,,20 × 20,0.0,-0.15,near-standard odd
9a9e0a4f-1a6e-433e-97ce-4e140975d0b7,"Aikens-Rhett House, SC",aikens-rhett-house-sc,active,8x8 in,lumaprints,3c149604-697d-4b8a-a879-583e187d8115,03ecaa77-442b-4cd6-ba73-3ff2ed65ea6e,Small — 12 × 11.9 in,,fine_art_paper,12x11.9,12,11.9,S,False,1.0083333333333333,True,True,False,2026-09-14 18:41:23.484207+00,12x11.9,4840,4800,4840,4800,"{""h"": 1, ""w"": 1, ""x"": 0, ""y"": 0}",full_bleed,ready,2026-07-30 19:23:54.557+00,11313971,12 × 11.9,ready print,1.0083333333333333,12 × 11.9,True,high pattern match; historical creator unverified,,12 × 12,0.0,-0.1,near-standard odd
9a9e0a4f-1a6e-433e-97ce-4e140975d0b7,"Aikens-Rhett House, SC",aikens-rhett-house-sc,active,8x8 in,lumaprints,3c149604-697d-4b8a-a879-583e187d8115,9acd85cc-5439-489e-81cc-7fb3a8ac8d5e,Medium — 20 × 19.85 in,,fine_art_paper,20x19.85,20,19.85,M,False,1.0083333333333333,True,True,False,2026-09-14 18:41:23.484207+00,20x19.85,4840,4800,4840,4800,"{""h"": 1, ""w"": 1, ""x"": 0, ""y"": 0}",full_bleed,ready,2026-07-30 19:23:54.557+00,11313971,20 × 19.85,ready print,1.0083333333333333,20 × 19.85,True,high pattern match; historical creator unverified,,20 × 20,0.0,-0.15,near-standard odd
9a9e0a4f-1a6e-433e-97ce-4e140975d0b7,"Aikens-Rhett House, SC",aikens-rhett-house-sc,active,8x8 in,lumaprints,3c149604-697d-4b8a-a879-583e187d8115,b3574905-6bc4-4fb8-9110-bbc2df54689a,Original,original,,,,,,False,,True,True,False,2026-09-14 18:41:23.484207+00,,4840,4800,4840,4800,"{""h"": 1, ""w"": 1, ""x"": 0, ""y"": 0}",full_bleed,ready,2026-07-30 19:23:54.557+00,11313971,,ready print,1.0083333333333333,,False,not established,,,,,missing numeric dimensions
73296cd1-002c-43d4-a92f-46fe197d2719,Arrival,arrival,active,5.25x16 in,lumaprints,8829990f-fed9-4783-9d55-290eee3830d0,abc3254a-40d0-4c74-88e6-7d277a2cfde8,Medium — 6.85 × 20 in,canvas_print,canvas,6.85x20,6.85,20,M,False,0.34239350912778904,True,True,False,2026-07-30 20:20:25.70904+00,6.85x20,1688,4930,1688,4930,"{""h"": 1, ""w"": 1, ""x"": 0, ""y"": 0}",full_bleed,ready,2026-07-30 19:29:20.949+00,5423789,6.85 × 20,ready print,0.34239350912778904,6.85 × 20,True,high pattern match; historical creator unverified,,10 × 20,-3.15,0.0,other nonstandard
73296cd1-002c-43d4-a92f-46fe197d2719,Arrival,arrival,active,5.25x16 in,lumaprints,8829990f-fed9-4783-9d55-290eee3830d0,785ca302-d823-4f87-ba09-d4afa68fca27,Small — 4.1 × 12 in,,fine_art_paper,4.1x12,4.1,12,S,False,0.34239350912778904,True,True,False,2026-07-30 20:20:21.632851+00,4.1x12,1688,4930,1688,4930,"{""h"": 1, ""w"": 1, ""x"": 0, ""y"": 0}",full_bleed,ready,2026-07-30 19:29:20.949+00,5423789,4.1 × 12,ready print,0.34239350912778904,4.1 × 12,True,high pattern match; historical creator unverified,,8 × 12,-3.9,0.0,other nonstandard
73296cd1-002c-43d4-a92f-46fe197d2719,Arrival,arrival,active,5.25x16 in,lumaprints,8829990f-fed9-4783-9d55-290eee3830d0,ffe76878-4139-4813-93ca-f40ab40fcddf,Medium — 6.85 × 20 in,,fine_art_paper,6.85x20,6.85,20,M,False,0.34239350912778904,True,True,False,2026-07-30 20:20:21.632851+00,6.85x20,1688,4930,1688,4930,"{""h"": 1, ""w"": 1, ""x"": 0, ""y"": 0}",full_bleed,ready,2026-07-30 19:29:20.949+00,5423789,6.85 × 20,ready print,0.34239350912778904,6.85 × 20,True,high pattern match; historical creator unverified,,10 × 20,-3.15,0.0,other nonstandard
514af929-dad3-4a16-a0ab-45d917efce4c,Audubon Swamp,audubon-swamp-magnolia-plantation-and-gardens-sc,active,8x8 in,lumaprints,314bf950-e5c2-4839-925f-6e2f201ddba9,3820a20c-520b-48ba-be84-84765f33ed10,Small — 12 × 11.95 in,canvas_print,canvas,12x11.95,12,11.95,S,False,1.0029166666666667,True,True,False,2026-09-14 17:25:39.804004+00,12x11.95,4814,4800,4814,4800,"{""h"": 1, ""w"": 1, ""x"": 0, ""y"": 0}",full_bleed,ready,2026-07-30 19:24:26.72+00,12137048,12 × 11.95,ready print,1.0029166666666667,12 × 11.95,True,high pattern match; historical creator unverified,,12 × 12,0.0,-0.05,near-standard odd
514af929-dad3-4a16-a0ab-45d917efce4c,Audubon Swamp,audubon-swamp-magnolia-plantation-and-gardens-sc,active,8x8 in,lumaprints,314bf950-e5c2-4839-925f-6e2f201ddba9,c3f1c8eb-6b85-4d60-b8e0-44b3de96b836,Medium — 20 × 19.95 in,canvas_print,canvas,20x19.95,20,19.95,M,False,1.0029166666666667,True,True,False,2026-09-14 17:25:39.804004+00,20x19.95,4814,4800,4814,4800,"{""h"": 1, ""w"": 1, ""x"": 0, ""y"": 0}",full_bleed,ready,2026-07-30 19:24:26.72+00,12137048,20 × 19.95,ready print,1.0029166666666667,20 × 19.95,True,high pattern match; historical creator unverified,,20 × 20,0.0,-0.05,near-standard odd
514af929-dad3-4a16-a0ab-45d917efce4c,Audubon Swamp,audubon-swamp-magnolia-plantation-and-gardens-sc,active,8x8 in,lumaprints,314bf950-e5c2-4839-925f-6e2f201ddba9,37be52fc-bed9-4a16-8e85-5e110f71089c,Small — 12 × 11.95 in,,fine_art_paper,12x11.95,12,11.95,S,False,1.0029166666666667,True,True,False,2026-09-14 17:25:39.804004+00,12x11.95,4814,4800,4814,4800,"{""h"": 1, ""w"": 1, ""x"": 0, ""y"": 0}",full_bleed,ready,2026-07-30 19:24:26.72+00,12137048,12 × 11.95,ready print,1.0029166666666667,12 × 11.95,True,high pattern match; historical creator unverified,,12 × 12,0.0,-0.05,near-standard odd
514af929-dad3-4a16-a0ab-45d917efce4c,Audubon Swamp,audubon-swamp-magnolia-plantation-and-gardens-sc,active,8x8 in,lumaprints,314bf950-e5c2-4839-925f-6e2f201ddba9,06f3da4a-a6cb-42ad-a93b-56da2fe67e46,Medium — 20 × 19.95 in,,fine_art_paper,20x19.95,20,19.95,M,False,1.0029166666666667,True,True,False,2026-09-14 17:25:39.804004+00,20x19.95,4814,4800,4814,4800,"{""h"": 1, ""w"": 1, ""x"": 0, ""y"": 0}",full_bleed,ready,2026-07-30 19:24:26.72+00,12137048,20 × 19.95,ready print,1.0029166666666667,20 × 19.95,True,high pattern match; historical creator unverified,,20 × 20,0.0,-0.05,near-standard odd
514af929-dad3-4a16-a0ab-45d917efce4c,Audubon Swamp,audubon-swamp-magnolia-plantation-and-gardens-sc,active,8x8 in,lumaprints,314bf950-e5c2-4839-925f-6e2f201ddba9,bd2287c1-06ff-4c4a-bfad-8c038a753153,Original,original,,,,,,False,,True,True,False,2026-09-14 17:25:39.804004+00,,4814,4800,4814,4800,"{""h"": 1, ""w"": 1, ""x"": 0, ""y"": 0}",full_bleed,ready,2026-07-30 19:24:26.72+00,12137048,,ready print,1.0029166666666667,,False,not established,,,,,missing numeric dimensions
080add65-e0a1-485f-92c3-abd1f7a730ce,Curious Mind,curious-mind,active,5.25x8.5 in,lumaprints,140fdfbc-f1d8-4815-995e-160f619ffc79,3666c279-5242-47f6-959a-e243a2307819,Small — 7 × 12 in,canvas_print,canvas,7x12,7,12,S,False,0.5847389558232932,True,True,False,2026-07-30 20:20:33.171261+00,7x12,1456,2490,1456,2490,"{""h"": 1, ""w"": 1, ""x"": 0, ""y"": 0}",full_bleed,ready,2026-07-30 19:23:02.22+00,892238,7 × 12,ready print,0.5847389558232932,7 × 12,True,high pattern match; historical creator unverified,,8 × 12,-1.0,0.0,other nonstandard
080add65-e0a1-485f-92c3-abd1f7a730ce,Curious Mind,curious-mind,active,5.25x8.5 in,lumaprints,140fdfbc-f1d8-4815-995e-160f619ffc79,1e893826-8209-4784-9f1c-ff1d4b66f972,Small — 7 × 12 in,,fine_art_paper,7x12,7,12,S,False,0.5847389558232932,True,True,False,2026-07-30 20:20:29.704105+00,7x12,1456,2490,1456,2490,"{""h"": 1, ""w"": 1, ""x"": 0, ""y"": 0}",full_bleed,ready,2026-07-30 19:23:02.22+00,892238,7 × 12,ready print,0.5847389558232932,7 × 12,True,high pattern match; historical creator unverified,,8 × 12,-1.0,0.0,other nonstandard
11ba220a-8c1e-4afe-8ba6-f17cd4a85aaa,Deep in the Heart of Texas,deep-in-the-heart-of-texas,active,12x16 in,lumaprints,a95fb10a-272c-465c-a75d-dd9ecb406614,afd9e7d3-2fd9-4519-a8b3-ed95cf01bc13,Small — 12 × 9 in,canvas_print,canvas,12x9,12,9,S,False,1.3321309655937847,True,True,False,2026-07-30 20:35:17.067+00,12x9,9602,7208,9602,7208,"{""h"": 1, ""w"": 1, ""x"": 0, ""y"": 0}",full_bleed,ready,2026-07-30 19:33:17.728888+00,48893307,12 × 9,ready print,1.3321309655937847,12 × 9,True,high pattern match; historical creator unverified,,12 × 9,0.0,0.0,exact standard
11ba220a-8c1e-4afe-8ba6-f17cd4a85aaa,Deep in the Heart of Texas,deep-in-the-heart-of-texas,active,12x16 in,lumaprints,a95fb10a-272c-465c-a75d-dd9ecb406614,930960b6-8aef-4985-9adc-e7212ea4bcb7,Medium — 20 × 15 in,canvas_print,canvas,20x15,20,15,M,False,1.3321309655937847,True,True,False,2026-07-30 20:35:22.773+00,20x15,9602,7208,9602,7208,"{""h"": 1, ""w"": 1, ""x"": 0, ""y"": 0}",full_bleed,ready,2026-07-30 19:33:17.728888+00,48893307,20 × 15,ready print,1.3321309655937847,20 × 15,True,high pattern match; historical creator unverified,,20 × 16,0.0,-1.0,other nonstandard
11ba220a-8c1e-4afe-8ba6-f17cd4a85aaa,Deep in the Heart of Texas,deep-in-the-heart-of-texas,active,12x16 in,lumaprints,a95fb10a-272c-465c-a75d-dd9ecb406614,b6e19135-c89b-4a0c-973a-2443be5c04b1,Large — 30 × 22.5 in,canvas_print,canvas,30x22.5,30,22.5,L,False,1.3321309655937847,True,True,False,2026-07-30 20:35:28.599+00,30x22.5,9602,7208,9602,7208,"{""h"": 1, ""w"": 1, ""x"": 0, ""y"": 0}",full_bleed,ready,2026-07-30 19:33:17.728888+00,48893307,30 × 22.5,ready print,1.3321309655937847,30 × 22.5,True,high pattern match; historical creator unverified,,30 × 24,0.0,-1.5,other nonstandard
11ba220a-8c1e-4afe-8ba6-f17cd4a85aaa,Deep in the Heart of Texas,deep-in-the-heart-of-texas,active,12x16 in,lumaprints,a95fb10a-272c-465c-a75d-dd9ecb406614,550ed058-b596-4e01-b733-134d33b6305e,Small — 12 × 9 in,,fine_art_paper,12x9,12,9,S,False,1.3321309655937847,True,True,False,2026-07-30 20:35:07.632+00,12x9,9602,7208,9602,7208,"{""h"": 1, ""w"": 1, ""x"": 0, ""y"": 0}",full_bleed,ready,2026-07-30 19:33:17.728888+00,48893307,12 × 9,ready print,1.3321309655937847,12 × 9,True,high pattern match; historical creator unverified,,12 × 9,0.0,0.0,exact standard
11ba220a-8c1e-4afe-8ba6-f17cd4a85aaa,Deep in the Heart of Texas,deep-in-the-heart-of-texas,active,12x16 in,lumaprints,a95fb10a-272c-465c-a75d-dd9ecb406614,e0f9aadb-cc4a-4bb2-a316-530519840c36,Medium — 20 × 15 in,,fine_art_paper,20x15,20,15,M,False,1.3321309655937847,True,True,False,2026-07-30 20:35:10.914+00,20x15,9602,7208,9602,7208,"{""h"": 1, ""w"": 1, ""x"": 0, ""y"": 0}",full_bleed,ready,2026-07-30 19:33:17.728888+00,48893307,20 × 15,ready print,1.3321309655937847,20 × 15,True,high pattern match; historical creator unverified,,20 × 16,0.0,-1.0,other nonstandard
11ba220a-8c1e-4afe-8ba6-f17cd4a85aaa,Deep in the Heart of Texas,deep-in-the-heart-of-texas,active,12x16 in,lumaprints,a95fb10a-272c-465c-a75d-dd9ecb406614,bc12dd02-d41d-483c-906d-307047e5c401,Large — 30 × 22.5 in,,fine_art_paper,30x22.5,30,22.5,L,False,1.3321309655937847,True,True,False,2026-07-30 20:35:13.586+00,30x22.5,9602,7208,9602,7208,"{""h"": 1, ""w"": 1, ""x"": 0, ""y"": 0}",full_bleed,ready,2026-07-30 19:33:17.728888+00,48893307,30 × 22.5,ready print,1.3321309655937847,30 × 22.5,True,high pattern match; historical creator unverified,,30 × 24,0.0,-1.5,other nonstandard
11ba220a-8c1e-4afe-8ba6-f17cd4a85aaa,Deep in the Heart of Texas,deep-in-the-heart-of-texas,active,12x16 in,lumaprints,a95fb10a-272c-465c-a75d-dd9ecb406614,af8f2a7f-fda8-4c3b-ae2a-6c6347e6c8ed,Original,original,,,,,,False,,True,True,False,2026-07-30 16:40:15.691751+00,,9602,7208,9602,7208,"{""h"": 1, ""w"": 1, ""x"": 0, ""y"": 0}",full_bleed,ready,2026-07-30 19:33:17.728888+00,48893307,,ready print,1.3321309655937847,,False,not established,,,,,missing numeric dimensions
ed935689-3737-4ee5-8958-c2245456cdf4,Dig,dig,active,9.25x11 in,lumaprints,40bad0ab-342d-44b0-b1f3-1fdb3b8f8789,c1a397dd-2559-4359-b014-0696a3538f00,Small — 10.35 × 12 in,canvas_print,canvas,10.35x12,10.35,12,S,False,0.8635055294652325,True,True,False,2026-07-30 20:50:58.849+00,10.35x12,5700,6601,5700,6601,"{""h"": 1, ""w"": 1, ""x"": 0, ""y"": 0}",full_bleed,ready,2026-07-30 19:33:17.728888+00,19550618,10.35 × 12,ready print,0.8635055294652325,10.35 × 12,True,high pattern match; historical creator unverified,,10 × 12,0.35,0.0,near-standard odd
ed935689-3737-4ee5-8958-c2245456cdf4,Dig,dig,active,9.25x11 in,lumaprints,40bad0ab-342d-44b0-b1f3-1fdb3b8f8789,1f9eb392-820d-4cd1-b3e9-d9c5de29d18d,Medium — 17.25 × 20 in,canvas_print,canvas,17.25x20,17.25,20,M,False,0.8635055294652325,True,True,False,2026-07-30 20:50:54.325+00,17.25x20,5700,6601,5700,6601,"{""h"": 1, ""w"": 1, ""x"": 0, ""y"": 0}",full_bleed,ready,2026-07-30 19:33:17.728888+00,19550618,17.25 × 20,ready print,0.8635055294652325,17.25 × 20,True,high pattern match; historical creator unverified,,16 × 20,1.25,0.0,other nonstandard
ed935689-3737-4ee5-8958-c2245456cdf4,Dig,dig,active,9.25x11 in,lumaprints,40bad0ab-342d-44b0-b1f3-1fdb3b8f8789,16414a9b-7143-46b0-952e-e217ee02a7a9,Large — 25.9 × 30 in,canvas_print,canvas,25.9x30,25.9,30,L,False,0.8635055294652325,True,True,False,2026-07-30 20:51:01.76+00,25.9x30,5700,6601,5700,6601,"{""h"": 1, ""w"": 1, ""x"": 0, ""y"": 0}",full_bleed,ready,2026-07-30 19:33:17.728888+00,19550618,25.9 × 30,ready print,0.8635055294652325,25.9 × 30,True,high pattern match; historical creator unverified,,24 × 30,1.9,0.0,other nonstandard
ed935689-3737-4ee5-8958-c2245456cdf4,Dig,dig,active,9.25x11 in,lumaprints,40bad0ab-342d-44b0-b1f3-1fdb3b8f8789,b8e75955-6c14-45db-8913-61202a2b8ca8,Small — 10.35 × 12 in,,fine_art_paper,10.35x12,10.35,12,S,False,0.8635055294652325,True,True,False,2026-07-30 20:51:04.496+00,10.35x12,5700,6601,5700,6601,"{""h"": 1, ""w"": 1, ""x"": 0, ""y"": 0}",full_bleed,ready,2026-07-30 19:33:17.728888+00,19550618,10.35 × 12,ready print,0.8635055294652325,10.35 × 12,True,high pattern match; historical creator unverified,,10 × 12,0.35,0.0,near-standard odd
ed935689-3737-4ee5-8958-c2245456cdf4,Dig,dig,active,9.25x11 in,lumaprints,40bad0ab-342d-44b0-b1f3-1fdb3b8f8789,abfc6af0-4ee8-4bec-aaef-dd5e92b6ab02,Medium — 17.25 × 20 in,,fine_art_paper,17.25x20,17.25,20,M,False,0.8635055294652325,True,True,False,2026-07-30 20:51:07.364+00,17.25x20,5700,6601,5700,6601,"{""h"": 1, ""w"": 1, ""x"": 0, ""y"": 0}",full_bleed,ready,2026-07-30 19:33:17.728888+00,19550618,17.25 × 20,ready print,0.8635055294652325,17.25 × 20,True,high pattern match; historical creator unverified,,16 × 20,1.25,0.0,other nonstandard
ed935689-3737-4ee5-8958-c2245456cdf4,Dig,dig,active,9.25x11 in,lumaprints,40bad0ab-342d-44b0-b1f3-1fdb3b8f8789,42c77041-4bfc-419b-9be1-fb8a244d4c25,Large — 25.9 × 30 in,,fine_art_paper,25.9x30,25.9,30,L,False,0.8635055294652325,True,True,False,2026-07-30 20:51:10.004+00,25.9x30,5700,6601,5700,6601,"{""h"": 1, ""w"": 1, ""x"": 0, ""y"": 0}",full_bleed,ready,2026-07-30 19:33:17.728888+00,19550618,25.9 × 30,ready print,0.8635055294652325,25.9 × 30,True,high pattern match; historical creator unverified,,24 × 30,1.9,0.0,other nonstandard
ed935689-3737-4ee5-8958-c2245456cdf4,Dig,dig,active,9.25x11 in,lumaprints,40bad0ab-342d-44b0-b1f3-1fdb3b8f8789,0a351063-8498-4ad6-a13d-cdbe3236b118,Original,original,,,,,,False,,True,True,False,2026-07-30 16:40:15.691751+00,,5700,6601,5700,6601,"{""h"": 1, ""w"": 1, ""x"": 0, ""y"": 0}",full_bleed,ready,2026-07-30 19:33:17.728888+00,19550618,,ready print,0.8635055294652325,,False,not established,,,,,missing numeric dimensions
99bd0e38-f3b5-4107-9a72-0a9b11a93f5a,Dolphin Watch,dolphin-watch,active,7.5x9.5 in,lumaprints,b281d97a-c15c-43ff-bed2-f5144d9ba938,ff64ad67-ed6b-4a8d-b9dc-6ce6f89e5f77,Small — 12 × 9.6 in,canvas_print,canvas,12x9.6,12,9.6,S,False,1.2502083333333334,True,True,False,2026-07-30 20:21:59.474252+00,12x9.6,6001,4800,6001,4800,"{""h"": 1, ""w"": 1, ""x"": 0, ""y"": 0}",full_bleed,ready,2026-07-30 19:29:51.278+00,14981551,12 × 9.6,ready print,1.2502083333333334,12 × 9.6,True,high pattern match; historical creator unverified,,12 × 10,0.0,-0.4,near-standard odd
99bd0e38-f3b5-4107-9a72-0a9b11a93f5a,Dolphin Watch,dolphin-watch,active,7.5x9.5 in,lumaprints,b281d97a-c15c-43ff-bed2-f5144d9ba938,9cf2537e-43fe-41fa-a16b-ce1494a270d3,Medium — 20 × 16 in,canvas_print,canvas,20x16,20,16,M,False,1.2502083333333334,True,True,False,2026-07-30 20:21:59.474252+00,20x16,6001,4800,6001,4800,"{""h"": 1, ""w"": 1, ""x"": 0, ""y"": 0}",full_bleed,ready,2026-07-30 19:29:51.278+00,14981551,20 × 16,ready print,1.2502083333333334,20 × 16,True,high pattern match; historical creator unverified,,20 × 16,0.0,0.0,exact standard
99bd0e38-f3b5-4107-9a72-0a9b11a93f5a,Dolphin Watch,dolphin-watch,active,7.5x9.5 in,lumaprints,b281d97a-c15c-43ff-bed2-f5144d9ba938,8eec3ff6-b0d2-4ad1-ba97-d6f598b16043,Large — 30 × 24 in,canvas_print,canvas,30x24,30,24,L,False,1.2502083333333334,True,True,False,2026-07-30 20:21:59.474252+00,30x24,6001,4800,6001,4800,"{""h"": 1, ""w"": 1, ""x"": 0, ""y"": 0}",full_bleed,ready,2026-07-30 19:29:51.278+00,14981551,30 × 24,ready print,1.2502083333333334,30 × 24,True,high pattern match; historical creator unverified,,30 × 24,0.0,0.0,exact standard
99bd0e38-f3b5-4107-9a72-0a9b11a93f5a,Dolphin Watch,dolphin-watch,active,7.5x9.5 in,lumaprints,b281d97a-c15c-43ff-bed2-f5144d9ba938,0543761a-c8ad-4c75-ba07-02002ba24b7b,Small — 12 × 9.6 in,,fine_art_paper,12x9.6,12,9.6,S,False,1.2502083333333334,True,True,False,2026-07-30 20:21:50.934878+00,12x9.6,6001,4800,6001,4800,"{""h"": 1, ""w"": 1, ""x"": 0, ""y"": 0}",full_bleed,ready,2026-07-30 19:29:51.278+00,14981551,12 × 9.6,ready print,1.2502083333333334,12 × 9.6,True,high pattern match; historical creator unverified,,12 × 10,0.0,-0.4,near-standard odd
99bd0e38-f3b5-4107-9a72-0a9b11a93f5a,Dolphin Watch,dolphin-watch,active,7.5x9.5 in,lumaprints,b281d97a-c15c-43ff-bed2-f5144d9ba938,c9222127-bf94-4e08-bed2-55f375e99d95,Medium — 20 × 16 in,,fine_art_paper,20x16,20,16,M,False,1.2502083333333334,True,True,False,2026-07-30 20:21:50.934878+00,20x16,6001,4800,6001,4800,"{""h"": 1, ""w"": 1, ""x"": 0, ""y"": 0}",full_bleed,ready,2026-07-30 19:29:51.278+00,14981551,20 × 16,ready print,1.2502083333333334,20 × 16,True,high pattern match; historical creator unverified,,20 × 16,0.0,0.0,exact standard
99bd0e38-f3b5-4107-9a72-0a9b11a93f5a,Dolphin Watch,dolphin-watch,active,7.5x9.5 in,lumaprints,b281d97a-c15c-43ff-bed2-f5144d9ba938,aeb49125-d135-4fb2-961a-077427b5f20f,Large — 30 × 24 in,,fine_art_paper,30x24,30,24,L,False,1.2502083333333334,True,True,False,2026-07-30 20:21:50.934878+00,30x24,6001,4800,6001,4800,"{""h"": 1, ""w"": 1, ""x"": 0, ""y"": 0}",full_bleed,ready,2026-07-30 19:29:51.278+00,14981551,30 × 24,ready print,1.2502083333333334,30 × 24,True,high pattern match; historical creator unverified,,30 × 24,0.0,0.0,exact standard
99bd0e38-f3b5-4107-9a72-0a9b11a93f5a,Dolphin Watch,dolphin-watch,active,7.5x9.5 in,lumaprints,b281d97a-c15c-43ff-bed2-f5144d9ba938,8752c2a3-ae83-4a55-8058-cce4e8310afc,Original,original,,,,,,False,,True,True,False,2026-07-30 16:40:15.691751+00,,6001,4800,6001,4800,"{""h"": 1, ""w"": 1, ""x"": 0, ""y"": 0}",full_bleed,ready,2026-07-30 19:29:51.278+00,14981551,,ready print,1.2502083333333334,,False,not established,,,,,missing numeric dimensions
a3dbf6ac-5aea-40b9-8b44-d5ce0d4a0538,Don't Mind Me,dont-mind-me,active,18x24 in,lumaprints,cc94d336-1507-4ea4-aa15-b8852c163448,e7d4975b-8aca-4f91-b9e1-7d67aa4be76d,Small — 9 × 12 in,canvas_print,canvas,9x12,9,12,S,False,0.75,True,True,False,2026-07-30 20:18:57.690558+00,9x12,9750,13000,9750,13000,"{""h"": 1, ""w"": 1, ""x"": 0, ""y"": 0}",full_bleed,ready,2026-07-30 19:33:17.728888+00,19676103,9 × 12,ready print,0.75,9 × 12,True,high pattern match; historical creator unverified,,9 × 12,0.0,0.0,exact standard
a3dbf6ac-5aea-40b9-8b44-d5ce0d4a0538,Don't Mind Me,dont-mind-me,active,18x24 in,lumaprints,cc94d336-1507-4ea4-aa15-b8852c163448,b1f938be-6172-459e-a6e7-dacb56ee5a92,Medium — 15 × 20 in,canvas_print,canvas,15x20,15,20,M,False,0.75,True,True,False,2026-07-30 20:18:57.690558+00,15x20,9750,13000,9750,13000,"{""h"": 1, ""w"": 1, ""x"": 0, ""y"": 0}",full_bleed,ready,2026-07-30 19:33:17.728888+00,19676103,15 × 20,ready print,0.75,15 × 20,True,high pattern match; historical creator unverified,,16 × 20,-1.0,0.0,other nonstandard
a3dbf6ac-5aea-40b9-8b44-d5ce0d4a0538,Don't Mind Me,dont-mind-me,active,18x24 in,lumaprints,cc94d336-1507-4ea4-aa15-b8852c163448,7d2d0d58-2d6d-4d93-bf5e-359a108bdb03,Large — 22.5 × 30 in,canvas_print,canvas,22.5x30,22.5,30,L,False,0.75,True,True,False,2026-07-30 20:18:57.690558+00,22.5x30,9750,13000,9750,13000,"{""h"": 1, ""w"": 1, ""x"": 0, ""y"": 0}",full_bleed,ready,2026-07-30 19:33:17.728888+00,19676103,22.5 × 30,ready print,0.75,22.5 × 30,True,high pattern match; historical creator unverified,,24 × 30,-1.5,0.0,other nonstandard
a3dbf6ac-5aea-40b9-8b44-d5ce0d4a0538,Don't Mind Me,dont-mind-me,active,18x24 in,lumaprints,cc94d336-1507-4ea4-aa15-b8852c163448,4be09cdb-80e1-4144-89e3-e2d6194ede27,Small — 9 × 12 in,,fine_art_paper,9x12,9,12,S,False,0.75,True,True,False,2026-07-30 20:18:48.106259+00,9x12,9750,13000,9750,13000,"{""h"": 1, ""w"": 1, ""x"": 0, ""y"": 0}",full_bleed,ready,2026-07-30 19:33:17.728888+00,19676103,9 × 12,ready print,0.75,9 × 12,True,high pattern match; historical creator unverified,,9 × 12,0.0,0.0,exact standard
a3dbf6ac-5aea-40b9-8b44-d5ce0d4a0538,Don't Mind Me,dont-mind-me,active,18x24 in,lumaprints,cc94d336-1507-4ea4-aa15-b8852c163448,ffc8f800-52e9-4c57-bf5e-becca0810bcc,Medium — 15 × 20 in,,fine_art_paper,15x20,15,20,M,False,0.75,True,True,False,2026-07-30 20:18:48.106259+00,15x20,9750,13000,9750,13000,"{""h"": 1, ""w"": 1, ""x"": 0, ""y"": 0}",full_bleed,ready,2026-07-30 19:33:17.728888+00,19676103,15 × 20,ready print,0.75,15 × 20,True,high pattern match; historical creator unverified,,16 × 20,-1.0,0.0,other nonstandard
a3dbf6ac-5aea-40b9-8b44-d5ce0d4a0538,Don't Mind Me,dont-mind-me,active,18x24 in,lumaprints,cc94d336-1507-4ea4-aa15-b8852c163448,28b02f51-0f84-4ea5-a9f5-468468be097f,Large — 22.5 × 30 in,,fine_art_paper,22.5x30,22.5,30,L,False,0.75,True,True,False,2026-07-30 20:18:48.106259+00,22.5x30,9750,13000,9750,13000,"{""h"": 1, ""w"": 1, ""x"": 0, ""y"": 0}",full_bleed,ready,2026-07-30 19:33:17.728888+00,19676103,22.5 × 30,ready print,0.75,22.5 × 30,True,high pattern match; historical creator unverified,,24 × 30,-1.5,0.0,other nonstandard
47afa157-ac15-4e07-915c-9966b34cf818,"Drayton Hall, Charleston, SC",drayton-hall-charleston-sc,active,8x8 in,lumaprints,e298fcd4-e53d-4302-ae29-6343ceea88e0,61a744c5-ce01-4f21-b318-7a9aef35de20,Small — 12 × 11.85 in,canvas_print,canvas,12x11.85,12,11.85,S,False,1.014375,True,True,False,2026-09-14 18:42:12.02175+00,12x11.85,4869,4800,4869,4800,"{""h"": 1, ""w"": 1, ""x"": 0, ""y"": 0}",full_bleed,ready,2026-07-30 19:24:05.49+00,11884727,12 × 11.85,ready print,1.014375,12 × 11.85,True,high pattern match; historical creator unverified,,12 × 12,0.0,-0.15,near-standard odd
47afa157-ac15-4e07-915c-9966b34cf818,"Drayton Hall, Charleston, SC",drayton-hall-charleston-sc,active,8x8 in,lumaprints,e298fcd4-e53d-4302-ae29-6343ceea88e0,75fc8cb1-d55b-4a92-965d-faf0147f3083,Medium — 20 × 19.7 in,canvas_print,canvas,20x19.7,20,19.7,M,False,1.014375,True,True,False,2026-09-14 18:42:12.02175+00,20x19.7,4869,4800,4869,4800,"{""h"": 1, ""w"": 1, ""x"": 0, ""y"": 0}",full_bleed,ready,2026-07-30 19:24:05.49+00,11884727,20 × 19.7,ready print,1.014375,20 × 19.7,True,high pattern match; historical creator unverified,,20 × 20,0.0,-0.3,near-standard odd
47afa157-ac15-4e07-915c-9966b34cf818,"Drayton Hall, Charleston, SC",drayton-hall-charleston-sc,active,8x8 in,lumaprints,e298fcd4-e53d-4302-ae29-6343ceea88e0,13a2827b-81cc-4e80-96d2-b06a8a29c70e,Small — 12 × 11.85 in,,fine_art_paper,12x11.85,12,11.85,S,False,1.014375,True,True,False,2026-09-14 18:42:12.02175+00,12x11.85,4869,4800,4869,4800,"{""h"": 1, ""w"": 1, ""x"": 0, ""y"": 0}",full_bleed,ready,2026-07-30 19:24:05.49+00,11884727,12 × 11.85,ready print,1.014375,12 × 11.85,True,high pattern match; historical creator unverified,,12 × 12,0.0,-0.15,near-standard odd
47afa157-ac15-4e07-915c-9966b34cf818,"Drayton Hall, Charleston, SC",drayton-hall-charleston-sc,active,8x8 in,lumaprints,e298fcd4-e53d-4302-ae29-6343ceea88e0,915c01d0-1676-4710-9e0f-79f26ce102e2,Medium — 20 × 19.7 in,,fine_art_paper,20x19.7,20,19.7,M,False,1.014375,True,True,False,2026-09-14 18:42:12.02175+00,20x19.7,4869,4800,4869,4800,"{""h"": 1, ""w"": 1, ""x"": 0, ""y"": 0}",full_bleed,ready,2026-07-30 19:24:05.49+00,11884727,20 × 19.7,ready print,1.014375,20 × 19.7,True,high pattern match; historical creator unverified,,20 × 20,0.0,-0.3,near-standard odd
47afa157-ac15-4e07-915c-9966b34cf818,"Drayton Hall, Charleston, SC",drayton-hall-charleston-sc,active,8x8 in,lumaprints,e298fcd4-e53d-4302-ae29-6343ceea88e0,ef19b438-c74b-4405-ae2b-e17213da6e5e,Original,original,,,,,,False,,True,True,False,2026-09-14 18:42:12.02175+00,,4869,4800,4869,4800,"{""h"": 1, ""w"": 1, ""x"": 0, ""y"": 0}",full_bleed,ready,2026-07-30 19:24:05.49+00,11884727,,ready print,1.014375,,False,not established,,,,,missing numeric dimensions
195403da-9297-4fdf-92e8-533a74cbf712,Flower Power,flower-power,active,24x24x1.5 in,lumaprints,f5acf94f-df92-4285-9d7e-6ee2bb5ea056,4f728b64-4e97-43b0-83fc-468744ff98cf,Small — 12 × 12 in,canvas_print,canvas,12x12,12,12,S,False,1,True,True,False,2026-07-30 20:23:47.890085+00,12x12,13000,13000,13000,13000,"{""h"": 1, ""w"": 1, ""x"": 0, ""y"": 0}",full_bleed,ready,2026-07-30 19:33:17.728888+00,41229631,12 × 12,ready print,1.0,12 × 12,True,high pattern match; historical creator unverified,,12 × 12,0.0,0.0,exact standard
195403da-9297-4fdf-92e8-533a74cbf712,Flower Power,flower-power,active,24x24x1.5 in,lumaprints,f5acf94f-df92-4285-9d7e-6ee2bb5ea056,75c960a4-796f-413b-942b-90b9b9f905c1,Medium — 20 × 20 in,canvas_print,canvas,20x20,20,20,M,False,1,True,True,False,2026-07-30 20:23:47.890085+00,20x20,13000,13000,13000,13000,"{""h"": 1, ""w"": 1, ""x"": 0, ""y"": 0}",full_bleed,ready,2026-07-30 19:33:17.728888+00,41229631,20 × 20,ready print,1.0,20 × 20,True,high pattern match; historical creator unverified,,20 × 20,0.0,0.0,exact standard
195403da-9297-4fdf-92e8-533a74cbf712,Flower Power,flower-power,active,24x24x1.5 in,lumaprints,f5acf94f-df92-4285-9d7e-6ee2bb5ea056,a58cb500-19dd-4024-b784-2ec35ceed399,Large — 30 × 30 in,canvas_print,canvas,30x30,30,30,L,False,1,True,True,False,2026-07-30 20:23:47.890085+00,30x30,13000,13000,13000,13000,"{""h"": 1, ""w"": 1, ""x"": 0, ""y"": 0}",full_bleed,ready,2026-07-30 19:33:17.728888+00,41229631,30 × 30,ready print,1.0,30 × 30,True,high pattern match; historical creator unverified,,30 × 30,0.0,0.0,exact standard
195403da-9297-4fdf-92e8-533a74cbf712,Flower Power,flower-power,active,24x24x1.5 in,lumaprints,f5acf94f-df92-4285-9d7e-6ee2bb5ea056,7933a7d5-1135-4a3f-80ce-a85ae4aff92b,Small — 12 × 12 in,,fine_art_paper,12x12,12,12,S,False,1,True,True,False,2026-07-30 20:23:30.83057+00,12x12,13000,13000,13000,13000,"{""h"": 1, ""w"": 1, ""x"": 0, ""y"": 0}",full_bleed,ready,2026-07-30 19:33:17.728888+00,41229631,12 × 12,ready print,1.0,12 × 12,True,high pattern match; historical creator unverified,,12 × 12,0.0,0.0,exact standard
195403da-9297-4fdf-92e8-533a74cbf712,Flower Power,flower-power,active,24x24x1.5 in,lumaprints,f5acf94f-df92-4285-9d7e-6ee2bb5ea056,aef685e0-87e4-4f4d-ad91-4b83af114286,Medium — 20 × 20 in,,fine_art_paper,20x20,20,20,M,False,1,True,True,False,2026-07-30 20:23:30.83057+00,20x20,13000,13000,13000,13000,"{""h"": 1, ""w"": 1, ""x"": 0, ""y"": 0}",full_bleed,ready,2026-07-30 19:33:17.728888+00,41229631,20 × 20,ready print,1.0,20 × 20,True,high pattern match; historical creator unverified,,20 × 20,0.0,0.0,exact standard
195403da-9297-4fdf-92e8-533a74cbf712,Flower Power,flower-power,active,24x24x1.5 in,lumaprints,f5acf94f-df92-4285-9d7e-6ee2bb5ea056,a8fd39de-bb7c-48f2-960e-8aa1b02a2a82,Large — 30 × 30 in,,fine_art_paper,30x30,30,30,L,False,1,True,True,False,2026-07-30 20:23:30.83057+00,30x30,13000,13000,13000,13000,"{""h"": 1, ""w"": 1, ""x"": 0, ""y"": 0}",full_bleed,ready,2026-07-30 19:33:17.728888+00,41229631,30 × 30,ready print,1.0,30 × 30,True,high pattern match; historical creator unverified,,30 × 30,0.0,0.0,exact standard
195403da-9297-4fdf-92e8-533a74cbf712,Flower Power,flower-power,active,24x24x1.5 in,lumaprints,f5acf94f-df92-4285-9d7e-6ee2bb5ea056,4c7b794c-7836-4224-bc23-d4cc4a7e4080,Original,original,,,,,,False,,True,True,False,2026-07-30 16:40:15.691751+00,,13000,13000,13000,13000,"{""h"": 1, ""w"": 1, ""x"": 0, ""y"": 0}",full_bleed,ready,2026-07-30 19:33:17.728888+00,41229631,,ready print,1.0,,False,not established,,,,,missing numeric dimensions
dbcdc203-5851-4579-b25d-25ca0a8c935d,Fun at the Beach,fun-at-the-beach,active,11x14 in,lumaprints,cada728d-ae70-4629-a7e9-e11cc6f4b23e,f02da546-102e-49bc-b15e-899f004825a3,Small — 12 × 9.4 in,canvas_print,canvas,12x9.4,12,9.4,S,False,1.276123936816525,True,True,False,2026-07-30 20:53:21.845+00,12x9.4,8402,6584,8402,6584,"{""h"": 1, ""w"": 1, ""x"": 0, ""y"": 0}",full_bleed,ready,2026-07-30 19:33:17.728888+00,29971334,12 × 9.4,ready print,1.276123936816525,12 × 9.4,True,high pattern match; historical creator unverified,,12 × 9,0.0,0.4,near-standard odd
dbcdc203-5851-4579-b25d-25ca0a8c935d,Fun at the Beach,fun-at-the-beach,active,11x14 in,lumaprints,cada728d-ae70-4629-a7e9-e11cc6f4b23e,59401fa8-116d-48e7-9558-f08ffdb6c66e,Medium — 20 × 15.65 in,canvas_print,canvas,20x15.65,20,15.65,M,False,1.276123936816525,True,True,False,2026-07-30 20:53:27.605+00,20x15.65,8402,6584,8402,6584,"{""h"": 1, ""w"": 1, ""x"": 0, ""y"": 0}",full_bleed,ready,2026-07-30 19:33:17.728888+00,29971334,20 × 15.65,ready print,1.276123936816525,20 × 15.65,True,high pattern match; historical creator unverified,,20 × 16,0.0,-0.35,near-standard odd
dbcdc203-5851-4579-b25d-25ca0a8c935d,Fun at the Beach,fun-at-the-beach,active,11x14 in,lumaprints,cada728d-ae70-4629-a7e9-e11cc6f4b23e,0718dc08-6566-49e8-b793-066ae8ae48a9,Large — 30 × 23.5 in,canvas_print,canvas,30x23.5,30,23.5,L,False,1.276123936816525,True,True,False,2026-07-30 20:53:33.307+00,30x23.5,8402,6584,8402,6584,"{""h"": 1, ""w"": 1, ""x"": 0, ""y"": 0}",full_bleed,ready,2026-07-30 19:33:17.728888+00,29971334,30 × 23.5,ready print,1.276123936816525,30 × 23.5,True,high pattern match; historical creator unverified,,30 × 24,0.0,-0.5,near-standard odd
dbcdc203-5851-4579-b25d-25ca0a8c935d,Fun at the Beach,fun-at-the-beach,active,11x14 in,lumaprints,cada728d-ae70-4629-a7e9-e11cc6f4b23e,2151609b-347c-4936-a061-94cd83e9b706,Small — 12 × 9.4 in,,fine_art_paper,12x9.4,12,9.4,S,False,1.276123936816525,True,True,False,2026-07-30 20:53:53.778+00,12x9.4,8402,6584,8402,6584,"{""h"": 1, ""w"": 1, ""x"": 0, ""y"": 0}",full_bleed,ready,2026-07-30 19:33:17.728888+00,29971334,12 × 9.4,ready print,1.276123936816525,12 × 9.4,True,high pattern match; historical creator unverified,,12 × 9,0.0,0.4,near-standard odd
dbcdc203-5851-4579-b25d-25ca0a8c935d,Fun at the Beach,fun-at-the-beach,active,11x14 in,lumaprints,cada728d-ae70-4629-a7e9-e11cc6f4b23e,8e75c980-0c9c-4157-88ef-aac2e8346e7b,Medium — 20 × 15.65 in,,fine_art_paper,20x15.65,20,15.65,M,False,1.276123936816525,True,True,False,2026-07-30 20:53:39.014+00,20x15.65,8402,6584,8402,6584,"{""h"": 1, ""w"": 1, ""x"": 0, ""y"": 0}",full_bleed,ready,2026-07-30 19:33:17.728888+00,29971334,20 × 15.65,ready print,1.276123936816525,20 × 15.65,True,high pattern match; historical creator unverified,,20 × 16,0.0,-0.35,near-standard odd
dbcdc203-5851-4579-b25d-25ca0a8c935d,Fun at the Beach,fun-at-the-beach,active,11x14 in,lumaprints,cada728d-ae70-4629-a7e9-e11cc6f4b23e,94aa8897-ba7b-45ca-be6d-ef993dc0f49c,Large — 30 × 23.5 in,,fine_art_paper,30x23.5,30,23.5,L,False,1.276123936816525,True,True,False,2026-07-30 20:53:44.728+00,30x23.5,8402,6584,8402,6584,"{""h"": 1, ""w"": 1, ""x"": 0, ""y"": 0}",full_bleed,ready,2026-07-30 19:33:17.728888+00,29971334,30 × 23.5,ready print,1.276123936816525,30 × 23.5,True,high pattern match; historical creator unverified,,30 × 24,0.0,-0.5,near-standard odd
09b5692a-3e1e-4506-9f97-799b5a4f8bf5,Girls Trip,girls-trip,active,8x8 in,lumaprints,1ce0436c-56f0-403a-a241-28c7182d2bae,448d8358-275f-483e-9d63-4c0eb8e28f10,Small — 12 × 12 in,canvas_print,canvas,12x12,12,12,S,False,0.9995792131285504,True,True,False,2026-09-14 17:05:40.93714+00,12x12,4751,4753,4751,4753,"{""h"": 1, ""w"": 1, ""x"": 0, ""y"": 0}",full_bleed,ready,2026-07-30 19:28:32.076+00,14749190,12 × 12,ready print,0.9995792131285504,12 × 12,True,high pattern match; historical creator unverified,,12 × 12,0.0,0.0,exact standard
09b5692a-3e1e-4506-9f97-799b5a4f8bf5,Girls Trip,girls-trip,active,8x8 in,lumaprints,1ce0436c-56f0-403a-a241-28c7182d2bae,3f129f5d-d475-4d2b-b4b2-a4333620c22f,Medium — 20 × 20 in,canvas_print,canvas,20x20,20,20,M,False,0.9995792131285504,True,True,False,2026-09-14 17:05:40.93714+00,20x20,4751,4753,4751,4753,"{""h"": 1, ""w"": 1, ""x"": 0, ""y"": 0}",full_bleed,ready,2026-07-30 19:28:32.076+00,14749190,20 × 20,ready print,0.9995792131285504,20 × 20,True,high pattern match; historical creator unverified,,20 × 20,0.0,0.0,exact standard
09b5692a-3e1e-4506-9f97-799b5a4f8bf5,Girls Trip,girls-trip,active,8x8 in,lumaprints,1ce0436c-56f0-403a-a241-28c7182d2bae,7f470f22-9063-4632-b01e-c46bb9f791c1,Small — 12 × 12 in,,fine_art_paper,12x12,12,12,S,False,0.9995792131285504,True,True,False,2026-09-14 17:05:40.93714+00,12x12,4751,4753,4751,4753,"{""h"": 1, ""w"": 1, ""x"": 0, ""y"": 0}",full_bleed,ready,2026-07-30 19:28:32.076+00,14749190,12 × 12,ready print,0.9995792131285504,12 × 12,True,high pattern match; historical creator unverified,,12 × 12,0.0,0.0,exact standard
09b5692a-3e1e-4506-9f97-799b5a4f8bf5,Girls Trip,girls-trip,active,8x8 in,lumaprints,1ce0436c-56f0-403a-a241-28c7182d2bae,a80cdeb4-707e-47c7-84b1-5b93ac3ef65d,Medium — 20 × 20 in,,fine_art_paper,20x20,20,20,M,False,0.9995792131285504,True,True,False,2026-09-14 17:05:40.93714+00,20x20,4751,4753,4751,4753,"{""h"": 1, ""w"": 1, ""x"": 0, ""y"": 0}",full_bleed,ready,2026-07-30 19:28:32.076+00,14749190,20 × 20,ready print,0.9995792131285504,20 × 20,True,high pattern match; historical creator unverified,,20 × 20,0.0,0.0,exact standard
84107ec5-1aaf-4361-b88c-215aef810580,Graze Daze,graze-daze,active,24x36x1.5 in,lumaprints,db6f20fb-0bae-45a2-b086-d77a8edcb29c,dd783600-40fc-4dbe-b944-b0fc840eb769,Small — 12 × 7.95 in,canvas_print,canvas,12x7.95,12,7.95,S,False,1.5096968993148299,True,True,False,2026-07-30 20:36:45.402+00,12x7.95,13000,8611,13000,8611,"{""h"": 1, ""w"": 1, ""x"": 0, ""y"": 0}",full_bleed,ready,2026-07-30 19:33:17.728888+00,24097916,12 × 7.95,ready print,1.5096968993148299,12 × 7.95,True,high pattern match; historical creator unverified,,12 × 8,0.0,-0.05,near-standard odd
84107ec5-1aaf-4361-b88c-215aef810580,Graze Daze,graze-daze,active,24x36x1.5 in,lumaprints,db6f20fb-0bae-45a2-b086-d77a8edcb29c,201f2a63-94ed-47d7-9cc4-56508910dfe8,Medium — 20 × 13.25 in,canvas_print,canvas,20x13.25,20,13.25,M,False,1.5096968993148299,True,True,False,2026-07-30 20:36:51.151+00,20x13.25,13000,8611,13000,8611,"{""h"": 1, ""w"": 1, ""x"": 0, ""y"": 0}",full_bleed,ready,2026-07-30 19:33:17.728888+00,24097916,20 × 13.25,ready print,1.5096968993148299,20 × 13.25,True,high pattern match; historical creator unverified,,19 × 13,1.0,0.25,other nonstandard
84107ec5-1aaf-4361-b88c-215aef810580,Graze Daze,graze-daze,active,24x36x1.5 in,lumaprints,db6f20fb-0bae-45a2-b086-d77a8edcb29c,7e1851ee-86e8-4a5d-8400-dac988838d34,Large — 30 × 19.85 in,canvas_print,canvas,30x19.85,30,19.85,L,False,1.5096968993148299,True,True,False,2026-07-30 20:36:56.881+00,30x19.85,13000,8611,13000,8611,"{""h"": 1, ""w"": 1, ""x"": 0, ""y"": 0}",full_bleed,ready,2026-07-30 19:33:17.728888+00,24097916,30 × 19.85,ready print,1.5096968993148299,30 × 19.85,True,high pattern match; historical creator unverified,,30 × 20,0.0,-0.15,near-standard odd
84107ec5-1aaf-4361-b88c-215aef810580,Graze Daze,graze-daze,active,24x36x1.5 in,lumaprints,db6f20fb-0bae-45a2-b086-d77a8edcb29c,f84a2088-d8b9-4e92-879b-651e2d8540c3,Small — 12 × 7.95 in,,fine_art_paper,12x7.95,12,7.95,S,False,1.5096968993148299,True,True,False,2026-07-30 20:36:33.608+00,12x7.95,13000,8611,13000,8611,"{""h"": 1, ""w"": 1, ""x"": 0, ""y"": 0}",full_bleed,ready,2026-07-30 19:33:17.728888+00,24097916,12 × 7.95,ready print,1.5096968993148299,12 × 7.95,True,high pattern match; historical creator unverified,,12 × 8,0.0,-0.05,near-standard odd
84107ec5-1aaf-4361-b88c-215aef810580,Graze Daze,graze-daze,active,24x36x1.5 in,lumaprints,db6f20fb-0bae-45a2-b086-d77a8edcb29c,000a50e1-c185-4463-bf50-ea768bb09395,Medium — 20 × 13.25 in,,fine_art_paper,20x13.25,20,13.25,M,False,1.5096968993148299,True,True,False,2026-07-30 20:36:36.908+00,20x13.25,13000,8611,13000,8611,"{""h"": 1, ""w"": 1, ""x"": 0, ""y"": 0}",full_bleed,ready,2026-07-30 19:33:17.728888+00,24097916,20 × 13.25,ready print,1.5096968993148299,20 × 13.25,True,high pattern match; historical creator unverified,,19 × 13,1.0,0.25,other nonstandard
84107ec5-1aaf-4361-b88c-215aef810580,Graze Daze,graze-daze,active,24x36x1.5 in,lumaprints,db6f20fb-0bae-45a2-b086-d77a8edcb29c,12b7eef1-51d3-4c19-ae41-14af63b21036,Large — 30 × 19.85 in,,fine_art_paper,30x19.85,30,19.85,L,False,1.5096968993148299,True,True,False,2026-07-30 20:36:39.71+00,30x19.85,13000,8611,13000,8611,"{""h"": 1, ""w"": 1, ""x"": 0, ""y"": 0}",full_bleed,ready,2026-07-30 19:33:17.728888+00,24097916,30 × 19.85,ready print,1.5096968993148299,30 × 19.85,True,high pattern match; historical creator unverified,,30 × 20,0.0,-0.15,near-standard odd
84107ec5-1aaf-4361-b88c-215aef810580,Graze Daze,graze-daze,active,24x36x1.5 in,lumaprints,db6f20fb-0bae-45a2-b086-d77a8edcb29c,15ace924-ad07-48be-b016-3bad6262a1bc,Original,original,,,,,,False,,True,True,False,2026-07-30 19:43:56.519478+00,,13000,8611,13000,8611,"{""h"": 1, ""w"": 1, ""x"": 0, ""y"": 0}",full_bleed,ready,2026-07-30 19:33:17.728888+00,24097916,,ready print,1.5096968993148299,,False,not established,,,,,missing numeric dimensions
582c492f-c65d-4b4f-a543-c70656b53b1d,Grow,grow,active,8.25x11.25 in,lumaprints,929923f1-4ed1-46a8-85c8-bb63ffdd0fc5,d280dc3c-45e4-41a9-97e6-6ba05cd9246a,Small — 9.35 × 12 in,canvas_print,canvas,9.35x12,9.35,12,S,False,0.7803827751196172,True,True,False,2026-07-30 20:25:05.255388+00,9.35x12,3262,4180,3262,4180,"{""h"": 1, ""w"": 1, ""x"": 0, ""y"": 0}",full_bleed,ready,2026-07-30 19:22:49.752+00,7551144,9.35 × 12,ready print,0.7803827751196172,9.35 × 12,True,high pattern match; historical creator unverified,,9 × 12,0.35,0.0,near-standard odd
582c492f-c65d-4b4f-a543-c70656b53b1d,Grow,grow,active,8.25x11.25 in,lumaprints,929923f1-4ed1-46a8-85c8-bb63ffdd0fc5,d087114e-ff10-45ee-bba4-bf86ed9c08d3,Medium — 15.6 × 20 in,canvas_print,canvas,15.6x20,15.6,20,M,False,0.7803827751196172,True,True,False,2026-07-30 20:25:05.255388+00,15.6x20,3262,4180,3262,4180,"{""h"": 1, ""w"": 1, ""x"": 0, ""y"": 0}",full_bleed,ready,2026-07-30 19:22:49.752+00,7551144,15.6 × 20,ready print,0.7803827751196172,15.6 × 20,True,high pattern match; historical creator unverified,,16 × 20,-0.4,0.0,near-standard odd
582c492f-c65d-4b4f-a543-c70656b53b1d,Grow,grow,active,8.25x11.25 in,lumaprints,929923f1-4ed1-46a8-85c8-bb63ffdd0fc5,6b413e63-8c30-4bf5-be74-946a1303778a,Small — 9.35 × 12 in,,fine_art_paper,9.35x12,9.35,12,S,False,0.7803827751196172,True,True,False,2026-07-30 20:24:58.615218+00,9.35x12,3262,4180,3262,4180,"{""h"": 1, ""w"": 1, ""x"": 0, ""y"": 0}",full_bleed,ready,2026-07-30 19:22:49.752+00,7551144,9.35 × 12,ready print,0.7803827751196172,9.35 × 12,True,high pattern match; historical creator unverified,,9 × 12,0.35,0.0,near-standard odd
582c492f-c65d-4b4f-a543-c70656b53b1d,Grow,grow,active,8.25x11.25 in,lumaprints,929923f1-4ed1-46a8-85c8-bb63ffdd0fc5,4c0923e5-c658-4827-991d-94eaee8b1e60,Medium — 15.6 × 20 in,,fine_art_paper,15.6x20,15.6,20,M,False,0.7803827751196172,True,True,False,2026-07-30 20:24:58.615218+00,15.6x20,3262,4180,3262,4180,"{""h"": 1, ""w"": 1, ""x"": 0, ""y"": 0}",full_bleed,ready,2026-07-30 19:22:49.752+00,7551144,15.6 × 20,ready print,0.7803827751196172,15.6 × 20,True,high pattern match; historical creator unverified,,16 × 20,-0.4,0.0,near-standard odd
edce1cfa-9fd2-4b52-af1a-f1cf6a1b6f0f,Hot Air,hot-air,active,9x19 in,lumaprints,1f3a55cf-981c-4608-b7bf-69c7fe75e944,75fd75bf-536a-40e2-8b74-988bc8eac4c3,Medium — 9.9 × 20 in,canvas_print,canvas,9.9x20,9.9,20,M,False,0.49525158280573145,True,True,False,2026-07-30 20:56:15.795+00,9.9x20,5945,12004,5945,12004,"{""h"": 1, ""w"": 1, ""x"": 0, ""y"": 0}",full_bleed,ready,2026-07-30 19:33:17.728888+00,31217438,9.9 × 20,ready print,0.49525158280573145,9.9 × 20,True,high pattern match; historical creator unverified,,10 × 20,-0.1,0.0,near-standard odd
edce1cfa-9fd2-4b52-af1a-f1cf6a1b6f0f,Hot Air,hot-air,active,9x19 in,lumaprints,1f3a55cf-981c-4608-b7bf-69c7fe75e944,1cef6f16-f106-40fd-9778-8ea340f96992,Large — 14.85 × 30 in,canvas_print,canvas,14.85x30,14.85,30,L,False,0.49525158280573145,True,True,False,2026-07-30 20:56:18.941+00,14.85x30,5945,12004,5945,12004,"{""h"": 1, ""w"": 1, ""x"": 0, ""y"": 0}",full_bleed,ready,2026-07-30 19:33:17.728888+00,31217438,14.85 × 30,ready print,0.49525158280573145,14.85 × 30,True,high pattern match; historical creator unverified,,16 × 24,-1.15,6.0,other nonstandard
edce1cfa-9fd2-4b52-af1a-f1cf6a1b6f0f,Hot Air,hot-air,active,9x19 in,lumaprints,1f3a55cf-981c-4608-b7bf-69c7fe75e944,40a31ac0-a3b5-463e-a19c-71b6f980edce,Small — 5.95 × 12 in,,fine_art_paper,5.95x12,5.95,12,S,False,0.49525158280573145,True,True,False,2026-07-30 20:56:24.161+00,5.95x12,5945,12004,5945,12004,"{""h"": 1, ""w"": 1, ""x"": 0, ""y"": 0}",full_bleed,ready,2026-07-30 19:33:17.728888+00,31217438,5.95 × 12,ready print,0.49525158280573145,5.95 × 12,True,high pattern match; historical creator unverified,,8 × 12,-2.05,0.0,other nonstandard
edce1cfa-9fd2-4b52-af1a-f1cf6a1b6f0f,Hot Air,hot-air,active,9x19 in,lumaprints,1f3a55cf-981c-4608-b7bf-69c7fe75e944,06296fd2-586a-44e6-8ff9-206a89d410f9,Medium — 9.9 × 20 in,,fine_art_paper,9.9x20,9.9,20,M,False,0.49525158280573145,True,True,False,2026-07-30 20:56:26.798+00,9.9x20,5945,12004,5945,12004,"{""h"": 1, ""w"": 1, ""x"": 0, ""y"": 0}",full_bleed,ready,2026-07-30 19:33:17.728888+00,31217438,9.9 × 20,ready print,0.49525158280573145,9.9 × 20,True,high pattern match; historical creator unverified,,10 × 20,-0.1,0.0,near-standard odd
edce1cfa-9fd2-4b52-af1a-f1cf6a1b6f0f,Hot Air,hot-air,active,9x19 in,lumaprints,1f3a55cf-981c-4608-b7bf-69c7fe75e944,02609d1a-f24c-4fb8-991f-0391c9f2a456,Large — 14.85 × 30 in,,fine_art_paper,14.85x30,14.85,30,L,False,0.49525158280573145,True,True,False,2026-07-30 20:56:21.596+00,14.85x30,5945,12004,5945,12004,"{""h"": 1, ""w"": 1, ""x"": 0, ""y"": 0}",full_bleed,ready,2026-07-30 19:33:17.728888+00,31217438,14.85 × 30,ready print,0.49525158280573145,14.85 × 30,True,high pattern match; historical creator unverified,,16 × 24,-1.15,6.0,other nonstandard
edce1cfa-9fd2-4b52-af1a-f1cf6a1b6f0f,Hot Air,hot-air,active,9x19 in,lumaprints,1f3a55cf-981c-4608-b7bf-69c7fe75e944,c74eedb7-472a-46cb-a631-446eabcef870,Original,original,,,,,,False,,True,True,False,2026-07-30 16:40:15.691751+00,,5945,12004,5945,12004,"{""h"": 1, ""w"": 1, ""x"": 0, ""y"": 0}",full_bleed,ready,2026-07-30 19:33:17.728888+00,31217438,,ready print,0.49525158280573145,,False,not established,,,,,missing numeric dimensions
7a39ac26-a8ec-4f5a-9818-abef94ea5a4e,Hot Air II,hot-air-ii,active,8x17 in,lumaprints,681c808d-e69a-477d-b5c9-c97ad07a4d04,9a0d988c-9a00-46d4-80a9-d5d1119e7cfa,Medium — 9.45 × 20 in,canvas_print,canvas,9.45x20,9.45,20,M,False,0.4719985189299269,True,True,False,2026-07-30 20:51:43.8+00,9.45x20,5099,10803,5099,10803,"{""h"": 1, ""w"": 1, ""x"": 0, ""y"": 0}",full_bleed,ready,2026-07-30 19:33:17.728888+00,26454170,9.45 × 20,ready print,0.4719985189299269,9.45 × 20,True,high pattern match; historical creator unverified,,10 × 20,-0.55,0.0,other nonstandard
7a39ac26-a8ec-4f5a-9818-abef94ea5a4e,Hot Air II,hot-air-ii,active,8x17 in,lumaprints,681c808d-e69a-477d-b5c9-c97ad07a4d04,7745ae31-3294-4aed-90e8-d2e0ba908811,Large — 14.15 × 30 in,canvas_print,canvas,14.15x30,14.15,30,L,False,0.4719985189299269,True,True,False,2026-07-30 20:51:49.503+00,14.15x30,5099,10803,5099,10803,"{""h"": 1, ""w"": 1, ""x"": 0, ""y"": 0}",full_bleed,ready,2026-07-30 19:33:17.728888+00,26454170,14.15 × 30,ready print,0.4719985189299269,14.15 × 30,True,high pattern match; historical creator unverified,,16 × 24,-1.85,6.0,other nonstandard
7a39ac26-a8ec-4f5a-9818-abef94ea5a4e,Hot Air II,hot-air-ii,active,8x17 in,lumaprints,681c808d-e69a-477d-b5c9-c97ad07a4d04,ad45a5cc-ff9b-4714-a89e-d05c18d88dd4,Small — 5.65 × 12 in,,fine_art_paper,5.65x12,5.65,12,S,False,0.4719985189299269,True,True,False,2026-07-30 20:51:55.235+00,5.65x12,5099,10803,5099,10803,"{""h"": 1, ""w"": 1, ""x"": 0, ""y"": 0}",full_bleed,ready,2026-07-30 19:33:17.728888+00,26454170,5.65 × 12,ready print,0.4719985189299269,5.65 × 12,True,high pattern match; historical creator unverified,,8 × 12,-2.35,0.0,other nonstandard
7a39ac26-a8ec-4f5a-9818-abef94ea5a4e,Hot Air II,hot-air-ii,active,8x17 in,lumaprints,681c808d-e69a-477d-b5c9-c97ad07a4d04,9a218eff-cd8b-4a91-94e6-89f8ca8b56b5,Medium — 9.45 × 20 in,,fine_art_paper,9.45x20,9.45,20,M,False,0.4719985189299269,True,True,False,2026-07-30 20:52:00.948+00,9.45x20,5099,10803,5099,10803,"{""h"": 1, ""w"": 1, ""x"": 0, ""y"": 0}",full_bleed,ready,2026-07-30 19:33:17.728888+00,26454170,9.45 × 20,ready print,0.4719985189299269,9.45 × 20,True,high pattern match; historical creator unverified,,10 × 20,-0.55,0.0,other nonstandard
7a39ac26-a8ec-4f5a-9818-abef94ea5a4e,Hot Air II,hot-air-ii,active,8x17 in,lumaprints,681c808d-e69a-477d-b5c9-c97ad07a4d04,e1f55dcc-6c58-4666-bd71-5ba44ff78c93,Large — 14.15 × 30 in,,fine_art_paper,14.15x30,14.15,30,L,False,0.4719985189299269,True,True,False,2026-07-30 20:52:06.672+00,14.15x30,5099,10803,5099,10803,"{""h"": 1, ""w"": 1, ""x"": 0, ""y"": 0}",full_bleed,ready,2026-07-30 19:33:17.728888+00,26454170,14.15 × 30,ready print,0.4719985189299269,14.15 × 30,True,high pattern match; historical creator unverified,,16 × 24,-1.85,6.0,other nonstandard
7a39ac26-a8ec-4f5a-9818-abef94ea5a4e,Hot Air II,hot-air-ii,active,8x17 in,lumaprints,681c808d-e69a-477d-b5c9-c97ad07a4d04,119a6950-99e8-4662-9118-570c3ce95c47,Original,original,,,,,,False,,True,True,False,2026-07-30 16:40:15.691751+00,,5099,10803,5099,10803,"{""h"": 1, ""w"": 1, ""x"": 0, ""y"": 0}",full_bleed,ready,2026-07-30 19:33:17.728888+00,26454170,,ready print,0.4719985189299269,,False,not established,,,,,missing numeric dimensions
9d728716-cbed-4d5e-a19a-b06db889a0c5,Keepsake,keepsake,active,16x21 in,lumaprints,b40768da-d570-4010-9944-2c60782cb7a0,b641049d-d991-4dfe-bb0a-50a86adba494,Small — 12 × 9.45 in,canvas_print,canvas,12x9.45,12,9.45,S,False,1.267427122940431,True,True,False,2026-07-30 20:26:23.630496+00,12x9.45,13000,10257,13000,10257,"{""h"": 1, ""w"": 1, ""x"": 0, ""y"": 0}",full_bleed,ready,2026-07-30 19:33:17.728888+00,21905208,12 × 9.45,ready print,1.267427122940431,12 × 9.45,True,high pattern match; historical creator unverified,,12 × 9,0.0,0.45,near-standard odd
9d728716-cbed-4d5e-a19a-b06db889a0c5,Keepsake,keepsake,active,16x21 in,lumaprints,b40768da-d570-4010-9944-2c60782cb7a0,814e2c7b-223d-4655-a9c4-df8b94f48e64,Medium — 20 × 15.8 in,canvas_print,canvas,20x15.8,20,15.8,M,False,1.267427122940431,True,True,False,2026-07-30 20:26:23.630496+00,20x15.8,13000,10257,13000,10257,"{""h"": 1, ""w"": 1, ""x"": 0, ""y"": 0}",full_bleed,ready,2026-07-30 19:33:17.728888+00,21905208,20 × 15.8,ready print,1.267427122940431,20 × 15.8,True,high pattern match; historical creator unverified,,20 × 16,0.0,-0.2,near-standard odd
9d728716-cbed-4d5e-a19a-b06db889a0c5,Keepsake,keepsake,active,16x21 in,lumaprints,b40768da-d570-4010-9944-2c60782cb7a0,c26b4865-af60-4713-9b6a-002018089724,Large — 30 × 23.65 in,canvas_print,canvas,30x23.65,30,23.65,L,False,1.267427122940431,True,True,False,2026-07-30 20:26:23.630496+00,30x23.65,13000,10257,13000,10257,"{""h"": 1, ""w"": 1, ""x"": 0, ""y"": 0}",full_bleed,ready,2026-07-30 19:33:17.728888+00,21905208,30 × 23.65,ready print,1.267427122940431,30 × 23.65,True,high pattern match; historical creator unverified,,30 × 24,0.0,-0.35,near-standard odd
9d728716-cbed-4d5e-a19a-b06db889a0c5,Keepsake,keepsake,active,16x21 in,lumaprints,b40768da-d570-4010-9944-2c60782cb7a0,ce9238c6-8fbc-49dc-a3ec-2223961eadf4,Small — 12 × 9.45 in,,fine_art_paper,12x9.45,12,9.45,S,False,1.267427122940431,True,True,False,2026-07-30 20:26:15.110729+00,12x9.45,13000,10257,13000,10257,"{""h"": 1, ""w"": 1, ""x"": 0, ""y"": 0}",full_bleed,ready,2026-07-30 19:33:17.728888+00,21905208,12 × 9.45,ready print,1.267427122940431,12 × 9.45,True,high pattern match; historical creator unverified,,12 × 9,0.0,0.45,near-standard odd
9d728716-cbed-4d5e-a19a-b06db889a0c5,Keepsake,keepsake,active,16x21 in,lumaprints,b40768da-d570-4010-9944-2c60782cb7a0,05288ccf-edad-48d6-8169-0569dd426d0f,Medium — 20 × 15.8 in,,fine_art_paper,20x15.8,20,15.8,M,False,1.267427122940431,True,True,False,2026-07-30 20:26:15.110729+00,20x15.8,13000,10257,13000,10257,"{""h"": 1, ""w"": 1, ""x"": 0, ""y"": 0}",full_bleed,ready,2026-07-30 19:33:17.728888+00,21905208,20 × 15.8,ready print,1.267427122940431,20 × 15.8,True,high pattern match; historical creator unverified,,20 × 16,0.0,-0.2,near-standard odd
9d728716-cbed-4d5e-a19a-b06db889a0c5,Keepsake,keepsake,active,16x21 in,lumaprints,b40768da-d570-4010-9944-2c60782cb7a0,fa0560a6-3a51-4f38-b363-fe2de87aea60,Large — 30 × 23.65 in,,fine_art_paper,30x23.65,30,23.65,L,False,1.267427122940431,True,True,False,2026-07-30 20:26:15.110729+00,30x23.65,13000,10257,13000,10257,"{""h"": 1, ""w"": 1, ""x"": 0, ""y"": 0}",full_bleed,ready,2026-07-30 19:33:17.728888+00,21905208,30 × 23.65,ready print,1.267427122940431,30 × 23.65,True,high pattern match; historical creator unverified,,30 × 24,0.0,-0.35,near-standard odd
9d728716-cbed-4d5e-a19a-b06db889a0c5,Keepsake,keepsake,active,16x21 in,lumaprints,b40768da-d570-4010-9944-2c60782cb7a0,403adf35-793e-4cf0-8db2-b2326b77f2bf,Original,original,,,,,,False,,True,True,False,2026-07-30 16:40:15.691751+00,,13000,10257,13000,10257,"{""h"": 1, ""w"": 1, ""x"": 0, ""y"": 0}",full_bleed,ready,2026-07-30 19:33:17.728888+00,21905208,,ready print,1.267427122940431,,False,not established,,,,,missing numeric dimensions
3605c6cb-8a03-4b2d-808b-e65ac8f9aa40,Let's Go,lets-go,active,7.75x12.25 in,lumaprints,45f6ead5-098b-49a3-a572-ab19a53d58da,50775953-44d2-4d34-bb2c-fc1d504d419c,Small — 7.5 × 12 in,canvas_print,canvas,7.5x12,7.5,12,S,False,0.623475196530225,True,True,False,2026-07-30 20:26:33.905688+00,7.5x12,2300,3689,2300,3689,"{""h"": 1, ""w"": 1, ""x"": 0, ""y"": 0}",full_bleed,ready,2026-07-30 19:23:10.123+00,4350932,7.5 × 12,ready print,0.623475196530225,7.5 × 12,True,high pattern match; historical creator unverified,,8 × 12,-0.5,0.0,near-standard odd
3605c6cb-8a03-4b2d-808b-e65ac8f9aa40,Let's Go,lets-go,active,7.75x12.25 in,lumaprints,45f6ead5-098b-49a3-a572-ab19a53d58da,71369a93-d08b-42b8-9ca2-6fcfb8bad14f,Small — 7.5 × 12 in,,fine_art_paper,7.5x12,7.5,12,S,False,0.623475196530225,True,True,False,2026-07-30 20:26:27.042271+00,7.5x12,2300,3689,2300,3689,"{""h"": 1, ""w"": 1, ""x"": 0, ""y"": 0}",full_bleed,ready,2026-07-30 19:23:10.123+00,4350932,7.5 × 12,ready print,0.623475196530225,7.5 × 12,True,high pattern match; historical creator unverified,,8 × 12,-0.5,0.0,near-standard odd
1083a2f6-5b53-4358-bd5d-f2d896862be0,Love Birds,love-birds,active,18x24 in,lumaprints,d38aac6d-cab0-47ab-b1d7-14572effcf5d,6a838b97-c5a0-4b6f-a00f-f1d2c09cd29c,Small — 9 × 12 in,canvas_print,canvas,9x12,9,12,S,False,0.75,True,True,False,2026-07-30 20:26:35.524554+00,9x12,9750,13000,9750,13000,"{""h"": 1, ""w"": 1, ""x"": 0, ""y"": 0}",full_bleed,ready,2026-07-30 19:33:17.728888+00,19617585,9 × 12,ready print,0.75,9 × 12,True,high pattern match; historical creator unverified,,9 × 12,0.0,0.0,exact standard
1083a2f6-5b53-4358-bd5d-f2d896862be0,Love Birds,love-birds,active,18x24 in,lumaprints,d38aac6d-cab0-47ab-b1d7-14572effcf5d,ac84c226-3a08-4dae-9889-f1252d92c723,Medium — 15 × 20 in,canvas_print,canvas,15x20,15,20,M,False,0.75,True,True,False,2026-07-30 20:26:35.524554+00,15x20,9750,13000,9750,13000,"{""h"": 1, ""w"": 1, ""x"": 0, ""y"": 0}",full_bleed,ready,2026-07-30 19:33:17.728888+00,19617585,15 × 20,ready print,0.75,15 × 20,True,high pattern match; historical creator unverified,,16 × 20,-1.0,0.0,other nonstandard
1083a2f6-5b53-4358-bd5d-f2d896862be0,Love Birds,love-birds,active,18x24 in,lumaprints,d38aac6d-cab0-47ab-b1d7-14572effcf5d,a39199eb-f864-43f6-8156-45e61597f3ac,Large — 22.5 × 30 in,canvas_print,canvas,22.5x30,22.5,30,L,False,0.75,True,True,False,2026-07-30 20:26:35.524554+00,22.5x30,9750,13000,9750,13000,"{""h"": 1, ""w"": 1, ""x"": 0, ""y"": 0}",full_bleed,ready,2026-07-30 19:33:17.728888+00,19617585,22.5 × 30,ready print,0.75,22.5 × 30,True,high pattern match; historical creator unverified,,24 × 30,-1.5,0.0,other nonstandard
1083a2f6-5b53-4358-bd5d-f2d896862be0,Love Birds,love-birds,active,18x24 in,lumaprints,d38aac6d-cab0-47ab-b1d7-14572effcf5d,e347f47b-58e4-40c2-a97b-baafdf741178,Small — 9 × 12 in,,fine_art_paper,9x12,9,12,S,False,0.75,True,True,False,2026-07-30 20:26:34.712645+00,9x12,9750,13000,9750,13000,"{""h"": 1, ""w"": 1, ""x"": 0, ""y"": 0}",full_bleed,ready,2026-07-30 19:33:17.728888+00,19617585,9 × 12,ready print,0.75,9 × 12,True,high pattern match; historical creator unverified,,9 × 12,0.0,0.0,exact standard
1083a2f6-5b53-4358-bd5d-f2d896862be0,Love Birds,love-birds,active,18x24 in,lumaprints,d38aac6d-cab0-47ab-b1d7-14572effcf5d,197bfa1e-3919-473d-a33f-cf110efb5c2d,Medium — 15 × 20 in,,fine_art_paper,15x20,15,20,M,False,0.75,True,True,False,2026-07-30 20:26:34.712645+00,15x20,9750,13000,9750,13000,"{""h"": 1, ""w"": 1, ""x"": 0, ""y"": 0}",full_bleed,ready,2026-07-30 19:33:17.728888+00,19617585,15 × 20,ready print,0.75,15 × 20,True,high pattern match; historical creator unverified,,16 × 20,-1.0,0.0,other nonstandard
1083a2f6-5b53-4358-bd5d-f2d896862be0,Love Birds,love-birds,active,18x24 in,lumaprints,d38aac6d-cab0-47ab-b1d7-14572effcf5d,705f6313-2b09-4844-b5f9-ff9f7c99f6a6,Large — 22.5 × 30 in,,fine_art_paper,22.5x30,22.5,30,L,False,0.75,True,True,False,2026-07-30 20:26:34.712645+00,22.5x30,9750,13000,9750,13000,"{""h"": 1, ""w"": 1, ""x"": 0, ""y"": 0}",full_bleed,ready,2026-07-30 19:33:17.728888+00,19617585,22.5 × 30,ready print,0.75,22.5 × 30,True,high pattern match; historical creator unverified,,24 × 30,-1.5,0.0,other nonstandard
67e98e6e-88ef-42e8-8631-7da69acf0868,Mad Cow,mad-cow,active,8x8 in,lumaprints,55d9c5d9-2de2-4448-bd94-8b1664df49d3,d59de055-dbaf-486d-9e95-eaa972ae1230,Small — 12 × 11.95 in,canvas_print,canvas,12x11.95,12,11.95,S,False,1.00375,True,True,False,2026-09-14 17:09:32.45911+00,12x11.95,4818,4800,4818,4800,"{""h"": 1, ""w"": 1, ""x"": 0, ""y"": 0}",full_bleed,ready,2026-07-30 19:23:20.06+00,12285339,12 × 11.95,ready print,1.00375,12 × 11.95,True,high pattern match; historical creator unverified,,12 × 12,0.0,-0.05,near-standard odd
67e98e6e-88ef-42e8-8631-7da69acf0868,Mad Cow,mad-cow,active,8x8 in,lumaprints,55d9c5d9-2de2-4448-bd94-8b1664df49d3,b7561b41-bb54-4949-baab-80e27a7abe65,Medium — 20 × 19.95 in,canvas_print,canvas,20x19.95,20,19.95,M,False,1.00375,True,True,False,2026-09-14 17:09:32.45911+00,20x19.95,4818,4800,4818,4800,"{""h"": 1, ""w"": 1, ""x"": 0, ""y"": 0}",full_bleed,ready,2026-07-30 19:23:20.06+00,12285339,20 × 19.95,ready print,1.00375,20 × 19.95,True,high pattern match; historical creator unverified,,20 × 20,0.0,-0.05,near-standard odd
67e98e6e-88ef-42e8-8631-7da69acf0868,Mad Cow,mad-cow,active,8x8 in,lumaprints,55d9c5d9-2de2-4448-bd94-8b1664df49d3,805da448-072d-45f9-bfd4-92bc022958b6,Small — 12 × 11.95 in,,fine_art_paper,12x11.95,12,11.95,S,False,1.00375,True,True,False,2026-09-14 17:09:32.45911+00,12x11.95,4818,4800,4818,4800,"{""h"": 1, ""w"": 1, ""x"": 0, ""y"": 0}",full_bleed,ready,2026-07-30 19:23:20.06+00,12285339,12 × 11.95,ready print,1.00375,12 × 11.95,True,high pattern match; historical creator unverified,,12 × 12,0.0,-0.05,near-standard odd
67e98e6e-88ef-42e8-8631-7da69acf0868,Mad Cow,mad-cow,active,8x8 in,lumaprints,55d9c5d9-2de2-4448-bd94-8b1664df49d3,d058883e-c348-48ce-a225-ebe1089f666c,Medium — 20 × 19.95 in,,fine_art_paper,20x19.95,20,19.95,M,False,1.00375,True,True,False,2026-09-14 17:09:32.45911+00,20x19.95,4818,4800,4818,4800,"{""h"": 1, ""w"": 1, ""x"": 0, ""y"": 0}",full_bleed,ready,2026-07-30 19:23:20.06+00,12285339,20 × 19.95,ready print,1.00375,20 × 19.95,True,high pattern match; historical creator unverified,,20 × 20,0.0,-0.05,near-standard odd
67e98e6e-88ef-42e8-8631-7da69acf0868,Mad Cow,mad-cow,active,8x8 in,lumaprints,55d9c5d9-2de2-4448-bd94-8b1664df49d3,7a563bc8-f8d4-4284-9b18-4148afa54af9,Original,original,,,,,,False,,True,True,False,2026-09-14 17:09:32.45911+00,,4818,4800,4818,4800,"{""h"": 1, ""w"": 1, ""x"": 0, ""y"": 0}",full_bleed,ready,2026-07-30 19:23:20.06+00,12285339,,ready print,1.00375,,False,not established,,,,,missing numeric dimensions
e5e4f4b3-e190-4f24-862b-9dab84e85951,Mountain Boat Dock,mountain-boat-dock-lake-tahoe-california,active,22x28x1.5 in,lumaprints,78a8b45f-abdf-4f98-ba96-fd0de6332bef,e18e5245-c85c-49f4-8177-f5aeacef46cb,Small — 12 × 9.45 in,canvas_print,canvas,12x9.45,12,9.45,S,False,1.2721401311282905,True,True,False,2026-09-14 18:38:08.668227+00,12x9.45,13000,10219,13000,10219,"{""h"": 1, ""w"": 1, ""x"": 0, ""y"": 0}",full_bleed,ready,2026-07-30 19:33:17.728888+00,23075836,12 × 9.45,ready print,1.2721401311282905,12 × 9.45,True,high pattern match; historical creator unverified,,12 × 9,0.0,0.45,near-standard odd
e5e4f4b3-e190-4f24-862b-9dab84e85951,Mountain Boat Dock,mountain-boat-dock-lake-tahoe-california,active,22x28x1.5 in,lumaprints,78a8b45f-abdf-4f98-ba96-fd0de6332bef,bd8cba20-94a1-4387-a538-85a56a87fb20,Medium — 20 × 15.7 in,canvas_print,canvas,20x15.7,20,15.7,M,False,1.2721401311282905,True,True,False,2026-09-14 18:38:08.668227+00,20x15.7,13000,10219,13000,10219,"{""h"": 1, ""w"": 1, ""x"": 0, ""y"": 0}",full_bleed,ready,2026-07-30 19:33:17.728888+00,23075836,20 × 15.7,ready print,1.2721401311282905,20 × 15.7,True,high pattern match; historical creator unverified,,20 × 16,0.0,-0.3,near-standard odd
e5e4f4b3-e190-4f24-862b-9dab84e85951,Mountain Boat Dock,mountain-boat-dock-lake-tahoe-california,active,22x28x1.5 in,lumaprints,78a8b45f-abdf-4f98-ba96-fd0de6332bef,20171779-2422-4ed1-b39d-2868a69e7c03,Large — 30 × 23.6 in,canvas_print,canvas,30x23.6,30,23.6,L,False,1.2721401311282905,True,True,False,2026-09-14 18:38:08.668227+00,30x23.6,13000,10219,13000,10219,"{""h"": 1, ""w"": 1, ""x"": 0, ""y"": 0}",full_bleed,ready,2026-07-30 19:33:17.728888+00,23075836,30 × 23.6,ready print,1.2721401311282905,30 × 23.6,True,high pattern match; historical creator unverified,,30 × 24,0.0,-0.4,near-standard odd
e5e4f4b3-e190-4f24-862b-9dab84e85951,Mountain Boat Dock,mountain-boat-dock-lake-tahoe-california,active,22x28x1.5 in,lumaprints,78a8b45f-abdf-4f98-ba96-fd0de6332bef,258f2ac0-8f05-4358-b2c3-ab918ed31cc9,Small — 12 × 9.45 in,,fine_art_paper,12x9.45,12,9.45,S,False,1.2721401311282905,True,True,False,2026-09-14 18:38:08.668227+00,12x9.45,13000,10219,13000,10219,"{""h"": 1, ""w"": 1, ""x"": 0, ""y"": 0}",full_bleed,ready,2026-07-30 19:33:17.728888+00,23075836,12 × 9.45,ready print,1.2721401311282905,12 × 9.45,True,high pattern match; historical creator unverified,,12 × 9,0.0,0.45,near-standard odd
e5e4f4b3-e190-4f24-862b-9dab84e85951,Mountain Boat Dock,mountain-boat-dock-lake-tahoe-california,active,22x28x1.5 in,lumaprints,78a8b45f-abdf-4f98-ba96-fd0de6332bef,161cf9ff-b4c0-4b94-aa46-d13b47e4a70d,Medium — 20 × 15.7 in,,fine_art_paper,20x15.7,20,15.7,M,False,1.2721401311282905,True,True,False,2026-09-14 18:38:08.668227+00,20x15.7,13000,10219,13000,10219,"{""h"": 1, ""w"": 1, ""x"": 0, ""y"": 0}",full_bleed,ready,2026-07-30 19:33:17.728888+00,23075836,20 × 15.7,ready print,1.2721401311282905,20 × 15.7,True,high pattern match; historical creator unverified,,20 × 16,0.0,-0.3,near-standard odd
e5e4f4b3-e190-4f24-862b-9dab84e85951,Mountain Boat Dock,mountain-boat-dock-lake-tahoe-california,active,22x28x1.5 in,lumaprints,78a8b45f-abdf-4f98-ba96-fd0de6332bef,1f0518c4-d945-42b8-bcc8-69fac3337bde,Large — 30 × 23.6 in,,fine_art_paper,30x23.6,30,23.6,L,False,1.2721401311282905,True,True,False,2026-09-14 18:38:08.668227+00,30x23.6,13000,10219,13000,10219,"{""h"": 1, ""w"": 1, ""x"": 0, ""y"": 0}",full_bleed,ready,2026-07-30 19:33:17.728888+00,23075836,30 × 23.6,ready print,1.2721401311282905,30 × 23.6,True,high pattern match; historical creator unverified,,30 × 24,0.0,-0.4,near-standard odd
e5e4f4b3-e190-4f24-862b-9dab84e85951,Mountain Boat Dock,mountain-boat-dock-lake-tahoe-california,active,22x28x1.5 in,lumaprints,78a8b45f-abdf-4f98-ba96-fd0de6332bef,1e190121-f8f5-4654-b7ed-aad34b7b5680,Original,original,,,,,,False,,True,True,False,2026-09-14 18:38:08.668227+00,,13000,10219,13000,10219,"{""h"": 1, ""w"": 1, ""x"": 0, ""y"": 0}",full_bleed,ready,2026-07-30 19:33:17.728888+00,23075836,,ready print,1.2721401311282905,,False,not established,,,,,missing numeric dimensions
ad30b623-1bd9-4028-b058-5b80f431f41d,Perspective Play,perspective-play,active,5x5 in / 9x9 in framed,lumaprints,c590fc80-a4a2-44e8-876d-ab97e8794005,14246c01-67f3-4319-99e0-7097a94a354f,Small — 12 × 11.9 in,canvas_print,canvas,12x11.9,12,11.9,S,False,1.007716049382716,True,True,False,2026-07-30 20:27:01.43466+00,12x11.9,2612,2592,2612,2592,"{""h"": 1, ""w"": 1, ""x"": 0, ""y"": 0}",full_bleed,ready,2026-07-30 19:23:00.019+00,5113481,12 × 11.9,ready print,1.007716049382716,12 × 11.9,True,high pattern match; historical creator unverified,,12 × 12,0.0,-0.1,near-standard odd
ad30b623-1bd9-4028-b058-5b80f431f41d,Perspective Play,perspective-play,active,5x5 in / 9x9 in framed,lumaprints,c590fc80-a4a2-44e8-876d-ab97e8794005,effaf102-0b60-4da0-b47b-d4a09924178b,Small — 12 × 11.9 in,,fine_art_paper,12x11.9,12,11.9,S,False,1.007716049382716,True,True,False,2026-07-30 20:27:00.65256+00,12x11.9,2612,2592,2612,2592,"{""h"": 1, ""w"": 1, ""x"": 0, ""y"": 0}",full_bleed,ready,2026-07-30 19:23:00.019+00,5113481,12 × 11.9,ready print,1.007716049382716,12 × 11.9,True,high pattern match; historical creator unverified,,12 × 12,0.0,-0.1,near-standard odd
d4cb8721-aa77-4753-9203-88355cfe94f3,Pins and Needles,pins-and-needles,active,6x10 in,lumaprints,7a2a4929-25da-4e89-a7df-aa4fa6c0d7b1,738295ef-5025-47d0-b801-7e53dd7b25ff,Small — 7.4 × 12 in,canvas_print,canvas,7.4x12,7.4,12,S,False,0.6177379026327401,True,True,False,2026-07-30 20:52:20.101+00,7.4x12,4200,6799,4200,6799,"{""h"": 1, ""w"": 1, ""x"": 0, ""y"": 0}",full_bleed,ready,2026-07-30 19:33:17.728888+00,16171682,7.4 × 12,ready print,0.6177379026327401,7.4 × 12,True,high pattern match; historical creator unverified,,8 × 12,-0.6,0.0,other nonstandard
d4cb8721-aa77-4753-9203-88355cfe94f3,Pins and Needles,pins-and-needles,active,6x10 in,lumaprints,7a2a4929-25da-4e89-a7df-aa4fa6c0d7b1,80a2b2b7-2cd3-4e11-8646-93ea95c7411e,Medium — 12.35 × 20 in,canvas_print,canvas,12.35x20,12.35,20,M,False,0.6177379026327401,True,True,False,2026-07-30 20:52:23.324+00,12.35x20,4200,6799,4200,6799,"{""h"": 1, ""w"": 1, ""x"": 0, ""y"": 0}",full_bleed,ready,2026-07-30 19:33:17.728888+00,16171682,12.35 × 20,ready print,0.6177379026327401,12.35 × 20,True,high pattern match; historical creator unverified,,13 × 19,-0.65,1.0,other nonstandard
d4cb8721-aa77-4753-9203-88355cfe94f3,Pins and Needles,pins-and-needles,active,6x10 in,lumaprints,7a2a4929-25da-4e89-a7df-aa4fa6c0d7b1,faf19a6a-64c2-485d-9a27-062a745d55c3,Large — 18.55 × 30 in,canvas_print,canvas,18.55x30,18.55,30,L,False,0.6177379026327401,True,True,False,2026-07-30 20:52:25.94+00,18.55x30,4200,6799,4200,6799,"{""h"": 1, ""w"": 1, ""x"": 0, ""y"": 0}",full_bleed,ready,2026-07-30 19:33:17.728888+00,16171682,18.55 × 30,ready print,0.6177379026327401,18.55 × 30,True,high pattern match; historical creator unverified,,20 × 30,-1.45,0.0,other nonstandard
d4cb8721-aa77-4753-9203-88355cfe94f3,Pins and Needles,pins-and-needles,active,6x10 in,lumaprints,7a2a4929-25da-4e89-a7df-aa4fa6c0d7b1,d70be5eb-320e-4fe8-b7ab-9637cb154569,Small — 7.4 × 12 in,,fine_art_paper,7.4x12,7.4,12,S,False,0.6177379026327401,True,True,False,2026-07-30 20:52:30.975+00,7.4x12,4200,6799,4200,6799,"{""h"": 1, ""w"": 1, ""x"": 0, ""y"": 0}",full_bleed,ready,2026-07-30 19:33:17.728888+00,16171682,7.4 × 12,ready print,0.6177379026327401,7.4 × 12,True,high pattern match; historical creator unverified,,8 × 12,-0.6,0.0,other nonstandard
d4cb8721-aa77-4753-9203-88355cfe94f3,Pins and Needles,pins-and-needles,active,6x10 in,lumaprints,7a2a4929-25da-4e89-a7df-aa4fa6c0d7b1,801611bb-e95d-49d9-a16b-234a10ff9b5b,Medium — 12.35 × 20 in,,fine_art_paper,12.35x20,12.35,20,M,False,0.6177379026327401,True,True,False,2026-07-30 20:52:33.482+00,12.35x20,4200,6799,4200,6799,"{""h"": 1, ""w"": 1, ""x"": 0, ""y"": 0}",full_bleed,ready,2026-07-30 19:33:17.728888+00,16171682,12.35 × 20,ready print,0.6177379026327401,12.35 × 20,True,high pattern match; historical creator unverified,,13 × 19,-0.65,1.0,other nonstandard
d4cb8721-aa77-4753-9203-88355cfe94f3,Pins and Needles,pins-and-needles,active,6x10 in,lumaprints,7a2a4929-25da-4e89-a7df-aa4fa6c0d7b1,785aa706-3254-48f6-a909-a87d6cdd1a74,Large — 18.55 × 30 in,,fine_art_paper,18.55x30,18.55,30,L,False,0.6177379026327401,True,True,False,2026-07-30 20:52:28.404+00,18.55x30,4200,6799,4200,6799,"{""h"": 1, ""w"": 1, ""x"": 0, ""y"": 0}",full_bleed,ready,2026-07-30 19:33:17.728888+00,16171682,18.55 × 30,ready print,0.6177379026327401,18.55 × 30,True,high pattern match; historical creator unverified,,20 × 30,-1.45,0.0,other nonstandard
d4cb8721-aa77-4753-9203-88355cfe94f3,Pins and Needles,pins-and-needles,active,6x10 in,lumaprints,7a2a4929-25da-4e89-a7df-aa4fa6c0d7b1,07288d2a-475d-4b94-969b-3c262759ad97,Original,original,,,,,,False,,True,True,False,2026-07-30 16:40:15.691751+00,,4200,6799,4200,6799,"{""h"": 1, ""w"": 1, ""x"": 0, ""y"": 0}",full_bleed,ready,2026-07-30 19:33:17.728888+00,16171682,,ready print,0.6177379026327401,,False,not established,,,,,missing numeric dimensions
ba90e5ce-522a-4565-9467-014eaa422d39,Poolside,poolside,active,4x12 in,lumaprints,e0d3e101-e9cc-49a4-a6de-32a0dbd4a524,4d8b7d5b-4796-44ba-9bc7-0bfec4f79b4c,Medium — 20 × 6.45 in,canvas_print,canvas,20x6.45,20,6.45,M,False,3.089622641509434,True,True,False,2026-07-30 20:27:53.236935+00,20x6.45,7205,2332,7205,2332,"{""h"": 1, ""w"": 1, ""x"": 0, ""y"": 0}",full_bleed,ready,2026-07-30 19:26:28.754+00,8757291,20 × 6.45,ready print,3.089622641509434,20 × 6.45,True,high pattern match; historical creator unverified,,20 × 10,0.0,-3.55,other nonstandard
ba90e5ce-522a-4565-9467-014eaa422d39,Poolside,poolside,active,4x12 in,lumaprints,e0d3e101-e9cc-49a4-a6de-32a0dbd4a524,e4afe4cf-e6bd-44a8-a6e8-4dbe77bb3a62,Large — 30 × 9.7 in,canvas_print,canvas,30x9.7,30,9.7,L,False,3.089622641509434,True,True,False,2026-07-30 20:27:53.236935+00,30x9.7,7205,2332,7205,2332,"{""h"": 1, ""w"": 1, ""x"": 0, ""y"": 0}",full_bleed,ready,2026-07-30 19:26:28.754+00,8757291,30 × 9.7,ready print,3.089622641509434,30 × 9.7,True,high pattern match; historical creator unverified,,24 × 12,6.0,-2.3,other nonstandard
ba90e5ce-522a-4565-9467-014eaa422d39,Poolside,poolside,active,4x12 in,lumaprints,e0d3e101-e9cc-49a4-a6de-32a0dbd4a524,8004573c-e5f5-4516-a132-f20fe335e27c,Medium — 20 × 6.45 in,,fine_art_paper,20x6.45,20,6.45,M,False,3.089622641509434,True,True,False,2026-07-30 20:27:46.360364+00,20x6.45,7205,2332,7205,2332,"{""h"": 1, ""w"": 1, ""x"": 0, ""y"": 0}",full_bleed,ready,2026-07-30 19:26:28.754+00,8757291,20 × 6.45,ready print,3.089622641509434,20 × 6.45,True,high pattern match; historical creator unverified,,20 × 10,0.0,-3.55,other nonstandard
ba90e5ce-522a-4565-9467-014eaa422d39,Poolside,poolside,active,4x12 in,lumaprints,e0d3e101-e9cc-49a4-a6de-32a0dbd4a524,884115fe-c8b6-4be1-8737-bb0aec11e5b1,Large — 30 × 9.7 in,,fine_art_paper,30x9.7,30,9.7,L,False,3.089622641509434,True,True,False,2026-07-30 20:27:46.360364+00,30x9.7,7205,2332,7205,2332,"{""h"": 1, ""w"": 1, ""x"": 0, ""y"": 0}",full_bleed,ready,2026-07-30 19:26:28.754+00,8757291,30 × 9.7,ready print,3.089622641509434,30 × 9.7,True,high pattern match; historical creator unverified,,24 × 12,6.0,-2.3,other nonstandard
ba90e5ce-522a-4565-9467-014eaa422d39,Poolside,poolside,active,4x12 in,lumaprints,e0d3e101-e9cc-49a4-a6de-32a0dbd4a524,8b2cd882-4ea1-4414-9e27-02a3876dfae1,Original,original,,,,,,False,,True,True,False,2026-07-30 16:35:21.340895+00,,7205,2332,7205,2332,"{""h"": 1, ""w"": 1, ""x"": 0, ""y"": 0}",full_bleed,ready,2026-07-30 19:26:28.754+00,8757291,,ready print,3.089622641509434,,False,not established,,,,,missing numeric dimensions
4a0cdeeb-0d35-4af0-bac6-3a6373770c94,Potential,potential,active,9x9 in,lumaprints,fee03a7a-3e84-47da-b610-f9ff6b1d6e32,7b11106b-3b66-443f-b4a6-06a3f6a56006,Small — 12 × 11.95 in,canvas_print,canvas,12x11.95,12,11.95,S,False,1.006277695716396,True,True,False,2026-07-30 20:28:00.277983+00,12x11.95,2725,2708,2725,2708,"{""h"": 1, ""w"": 1, ""x"": 0, ""y"": 0}",full_bleed,ready,2026-07-30 19:23:06.907+00,4276203,12 × 11.95,ready print,1.006277695716396,12 × 11.95,True,high pattern match; historical creator unverified,,12 × 12,0.0,-0.05,near-standard odd
4a0cdeeb-0d35-4af0-bac6-3a6373770c94,Potential,potential,active,9x9 in,lumaprints,fee03a7a-3e84-47da-b610-f9ff6b1d6e32,9328d934-f5fc-4e81-9b01-b176ee7bf766,Small — 12 × 11.95 in,,fine_art_paper,12x11.95,12,11.95,S,False,1.006277695716396,True,True,False,2026-07-30 20:27:56.893742+00,12x11.95,2725,2708,2725,2708,"{""h"": 1, ""w"": 1, ""x"": 0, ""y"": 0}",full_bleed,ready,2026-07-30 19:23:06.907+00,4276203,12 × 11.95,ready print,1.006277695716396,12 × 11.95,True,high pattern match; historical creator unverified,,12 × 12,0.0,-0.05,near-standard odd
236e49b4-8b05-462b-870f-0ae030e42f2b,Road Trip,road-trip,active,6x12 in,lumaprints,,05054573-417a-4789-885b-a8b3c771b9d9,Original,original,,,,,,False,,True,True,False,2026-07-30 16:40:15.691751+00,,,,,,,,,,,,raw fallback,,,False,not established,,,,,missing numeric dimensions
633d99b2-9c98-49bc-ac56-3bcd42a6afbf,Royal,royal,active,6x16.75 in,lumaprints,0b1f9f22-6152-4a42-a7a6-baf8d2db9df0,ecccf8c0-a26e-41ce-89a9-e0ec3e4bd1d3,Medium — 7.25 × 20 in,canvas_print,canvas,7.25x20,7.25,20,M,False,0.3614736647227622,True,True,False,2026-07-30 20:52:46.312+00,7.25x20,3905,10803,3905,10803,"{""h"": 1, ""w"": 1, ""x"": 0, ""y"": 0}",full_bleed,ready,2026-07-30 19:33:17.728888+00,20794304,7.25 × 20,ready print,0.3614736647227622,7.25 × 20,True,high pattern match; historical creator unverified,,10 × 20,-2.75,0.0,other nonstandard
633d99b2-9c98-49bc-ac56-3bcd42a6afbf,Royal,royal,active,6x16.75 in,lumaprints,0b1f9f22-6152-4a42-a7a6-baf8d2db9df0,9dd74d37-b0b9-4c15-8c03-d1cdd9b15feb,Large — 10.85 × 30 in,canvas_print,canvas,10.85x30,10.85,30,L,False,0.3614736647227622,True,True,False,2026-07-30 20:52:49.231+00,10.85x30,3905,10803,3905,10803,"{""h"": 1, ""w"": 1, ""x"": 0, ""y"": 0}",full_bleed,ready,2026-07-30 19:33:17.728888+00,20794304,10.85 × 30,ready print,0.3614736647227622,10.85 × 30,True,high pattern match; historical creator unverified,,12 × 24,-1.15,6.0,other nonstandard
633d99b2-9c98-49bc-ac56-3bcd42a6afbf,Royal,royal,active,6x16.75 in,lumaprints,0b1f9f22-6152-4a42-a7a6-baf8d2db9df0,4cc345ce-d87e-4146-9a39-ed8063c1ec69,Small — 4.35 × 12 in,,fine_art_paper,4.35x12,4.35,12,S,False,0.3614736647227622,True,True,False,2026-07-30 20:52:54.908+00,4.35x12,3905,10803,3905,10803,"{""h"": 1, ""w"": 1, ""x"": 0, ""y"": 0}",full_bleed,ready,2026-07-30 19:33:17.728888+00,20794304,4.35 × 12,ready print,0.3614736647227622,4.35 × 12,True,high pattern match; historical creator unverified,,8 × 12,-3.65,0.0,other nonstandard
633d99b2-9c98-49bc-ac56-3bcd42a6afbf,Royal,royal,active,6x16.75 in,lumaprints,0b1f9f22-6152-4a42-a7a6-baf8d2db9df0,b7f1bc62-979d-48b9-99bc-107b6ea52fb5,Medium — 7.25 × 20 in,,fine_art_paper,7.25x20,7.25,20,M,False,0.3614736647227622,True,True,False,2026-07-30 20:53:00.656+00,7.25x20,3905,10803,3905,10803,"{""h"": 1, ""w"": 1, ""x"": 0, ""y"": 0}",full_bleed,ready,2026-07-30 19:33:17.728888+00,20794304,7.25 × 20,ready print,0.3614736647227622,7.25 × 20,True,high pattern match; historical creator unverified,,10 × 20,-2.75,0.0,other nonstandard
633d99b2-9c98-49bc-ac56-3bcd42a6afbf,Royal,royal,active,6x16.75 in,lumaprints,0b1f9f22-6152-4a42-a7a6-baf8d2db9df0,ed3b09fe-669c-47bd-93be-0ef5ceafad48,Large — 10.85 × 30 in,,fine_art_paper,10.85x30,10.85,30,L,False,0.3614736647227622,True,True,False,2026-07-30 20:53:06.369+00,10.85x30,3905,10803,3905,10803,"{""h"": 1, ""w"": 1, ""x"": 0, ""y"": 0}",full_bleed,ready,2026-07-30 19:33:17.728888+00,20794304,10.85 × 30,ready print,0.3614736647227622,10.85 × 30,True,high pattern match; historical creator unverified,,12 × 24,-1.15,6.0,other nonstandard
db23d83f-a374-4278-9df7-a656e4d7988a,Saguaro,saguaro,active,18x24 in,lumaprints,4051c1f4-7700-41f2-bebc-a76e566eae3c,81c40333-c170-4044-99f2-12517f14cd1a,Small — 9 × 12 in,canvas_print,canvas,9x12,9,12,S,False,0.75,True,True,False,2026-07-30 20:28:32.022414+00,9x12,9750,13000,9750,13000,"{""h"": 1, ""w"": 1, ""x"": 0, ""y"": 0}",full_bleed,ready,2026-07-30 19:33:17.728888+00,20158783,9 × 12,ready print,0.75,9 × 12,True,high pattern match; historical creator unverified,,9 × 12,0.0,0.0,exact standard
db23d83f-a374-4278-9df7-a656e4d7988a,Saguaro,saguaro,active,18x24 in,lumaprints,4051c1f4-7700-41f2-bebc-a76e566eae3c,b02c1d8d-9370-452f-8c8f-a02ae37a76b5,Medium — 15 × 20 in,canvas_print,canvas,15x20,15,20,M,False,0.75,True,True,False,2026-07-30 20:28:32.022414+00,15x20,9750,13000,9750,13000,"{""h"": 1, ""w"": 1, ""x"": 0, ""y"": 0}",full_bleed,ready,2026-07-30 19:33:17.728888+00,20158783,15 × 20,ready print,0.75,15 × 20,True,high pattern match; historical creator unverified,,16 × 20,-1.0,0.0,other nonstandard
db23d83f-a374-4278-9df7-a656e4d7988a,Saguaro,saguaro,active,18x24 in,lumaprints,4051c1f4-7700-41f2-bebc-a76e566eae3c,28138c2b-e2f7-441f-a61b-1f22c892d5fa,Large — 22.5 × 30 in,canvas_print,canvas,22.5x30,22.5,30,L,False,0.75,True,True,False,2026-07-30 20:28:32.022414+00,22.5x30,9750,13000,9750,13000,"{""h"": 1, ""w"": 1, ""x"": 0, ""y"": 0}",full_bleed,ready,2026-07-30 19:33:17.728888+00,20158783,22.5 × 30,ready print,0.75,22.5 × 30,True,high pattern match; historical creator unverified,,24 × 30,-1.5,0.0,other nonstandard
db23d83f-a374-4278-9df7-a656e4d7988a,Saguaro,saguaro,active,18x24 in,lumaprints,4051c1f4-7700-41f2-bebc-a76e566eae3c,4eabbfa4-dabb-416a-a78c-e82fc08286df,Small — 9 × 12 in,,fine_art_paper,9x12,9,12,S,False,0.75,True,True,False,2026-07-30 20:28:31.296974+00,9x12,9750,13000,9750,13000,"{""h"": 1, ""w"": 1, ""x"": 0, ""y"": 0}",full_bleed,ready,2026-07-30 19:33:17.728888+00,20158783,9 × 12,ready print,0.75,9 × 12,True,high pattern match; historical creator unverified,,9 × 12,0.0,0.0,exact standard
db23d83f-a374-4278-9df7-a656e4d7988a,Saguaro,saguaro,active,18x24 in,lumaprints,4051c1f4-7700-41f2-bebc-a76e566eae3c,4d79a4eb-3017-455d-b867-f61c9bf8a014,Medium — 15 × 20 in,,fine_art_paper,15x20,15,20,M,False,0.75,True,True,False,2026-07-30 20:28:31.296974+00,15x20,9750,13000,9750,13000,"{""h"": 1, ""w"": 1, ""x"": 0, ""y"": 0}",full_bleed,ready,2026-07-30 19:33:17.728888+00,20158783,15 × 20,ready print,0.75,15 × 20,True,high pattern match; historical creator unverified,,16 × 20,-1.0,0.0,other nonstandard
db23d83f-a374-4278-9df7-a656e4d7988a,Saguaro,saguaro,active,18x24 in,lumaprints,4051c1f4-7700-41f2-bebc-a76e566eae3c,53d22cca-8f9a-424d-a800-2d0a38c68ed4,Large — 22.5 × 30 in,,fine_art_paper,22.5x30,22.5,30,L,False,0.75,True,True,False,2026-07-30 20:28:31.296974+00,22.5x30,9750,13000,9750,13000,"{""h"": 1, ""w"": 1, ""x"": 0, ""y"": 0}",full_bleed,ready,2026-07-30 19:33:17.728888+00,20158783,22.5 × 30,ready print,0.75,22.5 × 30,True,high pattern match; historical creator unverified,,24 × 30,-1.5,0.0,other nonstandard
3ad6f748-6476-4c3c-9d76-663134ce193c,Seaside with Gull,seaside-with-gull,active,12x12 in,lumaprints,04f710f1-908c-4141-ba72-c3f3c9e196fc,37a2e653-0805-4bdd-aa0e-989d6b4c021b,Small — 11.9 × 12 in,canvas_print,canvas,11.9x12,11.9,12,S,False,0.9906452056679048,False,False,False,2026-09-14 17:45:10.367618+00,11.9x12,7201,7269,7201,7269,"{""h"": 1, ""w"": 1, ""x"": 0, ""y"": 0}",full_bleed,ready,2026-07-30 19:33:17.728888+00,23214227,11.9 × 12,ready print,0.9906452056679048,11.9 × 12,True,high pattern match; historical creator unverified,,12 × 12,-0.1,0.0,near-standard odd
3ad6f748-6476-4c3c-9d76-663134ce193c,Seaside with Gull,seaside-with-gull,active,12x12 in,lumaprints,04f710f1-908c-4141-ba72-c3f3c9e196fc,39cec5cc-7faa-4c1e-a5a6-60d06248e408,Medium — 19.8 × 20 in,canvas_print,canvas,19.8x20,19.8,20,M,False,0.9906452056679048,True,True,False,2026-09-14 17:45:10.367618+00,19.8x20,7201,7269,7201,7269,"{""h"": 1, ""w"": 1, ""x"": 0, ""y"": 0}",full_bleed,ready,2026-07-30 19:33:17.728888+00,23214227,19.8 × 20,ready print,0.9906452056679048,19.8 × 20,True,high pattern match; historical creator unverified,,20 × 20,-0.2,0.0,near-standard odd
3ad6f748-6476-4c3c-9d76-663134ce193c,Seaside with Gull,seaside-with-gull,active,12x12 in,lumaprints,04f710f1-908c-4141-ba72-c3f3c9e196fc,f777d371-49b9-42e6-8fcc-3fce525d6563,Large — 29.7 × 30 in,canvas_print,canvas,29.7x30,29.7,30,L,False,0.9906452056679048,True,True,False,2026-09-14 17:45:10.367618+00,29.7x30,7201,7269,7201,7269,"{""h"": 1, ""w"": 1, ""x"": 0, ""y"": 0}",full_bleed,ready,2026-07-30 19:33:17.728888+00,23214227,29.7 × 30,ready print,0.9906452056679048,29.7 × 30,True,high pattern match; historical creator unverified,,30 × 30,-0.3,0.0,near-standard odd
3ad6f748-6476-4c3c-9d76-663134ce193c,Seaside with Gull,seaside-with-gull,active,12x12 in,lumaprints,04f710f1-908c-4141-ba72-c3f3c9e196fc,20e52d8b-b254-4cdd-b2d1-1ca0e4570f99,Small — 11.9 × 12 in,,fine_art_paper,11.9x12,11.9,12,S,False,0.9906452056679048,True,True,False,2026-09-14 17:45:10.367618+00,11.9x12,7201,7269,7201,7269,"{""h"": 1, ""w"": 1, ""x"": 0, ""y"": 0}",full_bleed,ready,2026-07-30 19:33:17.728888+00,23214227,11.9 × 12,ready print,0.9906452056679048,11.9 × 12,True,high pattern match; historical creator unverified,,12 × 12,-0.1,0.0,near-standard odd
3ad6f748-6476-4c3c-9d76-663134ce193c,Seaside with Gull,seaside-with-gull,active,12x12 in,lumaprints,04f710f1-908c-4141-ba72-c3f3c9e196fc,309b3530-66f9-499b-a715-1a0c024d922a,Medium — 19.8 × 20 in,,fine_art_paper,19.8x20,19.8,20,M,False,0.9906452056679048,True,True,False,2026-09-14 17:45:10.367618+00,19.8x20,7201,7269,7201,7269,"{""h"": 1, ""w"": 1, ""x"": 0, ""y"": 0}",full_bleed,ready,2026-07-30 19:33:17.728888+00,23214227,19.8 × 20,ready print,0.9906452056679048,19.8 × 20,True,high pattern match; historical creator unverified,,20 × 20,-0.2,0.0,near-standard odd
3ad6f748-6476-4c3c-9d76-663134ce193c,Seaside with Gull,seaside-with-gull,active,12x12 in,lumaprints,04f710f1-908c-4141-ba72-c3f3c9e196fc,1c39baf6-a993-4c9d-b519-6c72b7ae38d4,Large — 29.7 × 30 in,,fine_art_paper,29.7x30,29.7,30,L,False,0.9906452056679048,True,True,False,2026-09-14 17:45:10.367618+00,29.7x30,7201,7269,7201,7269,"{""h"": 1, ""w"": 1, ""x"": 0, ""y"": 0}",full_bleed,ready,2026-07-30 19:33:17.728888+00,23214227,29.7 × 30,ready print,0.9906452056679048,29.7 × 30,True,high pattern match; historical creator unverified,,30 × 30,-0.3,0.0,near-standard odd
3ad6f748-6476-4c3c-9d76-663134ce193c,Seaside with Gull,seaside-with-gull,active,12x12 in,lumaprints,04f710f1-908c-4141-ba72-c3f3c9e196fc,7da8d942-d637-4eea-8843-3df7a2e40278,Original,original,,,,,,False,,True,True,False,2026-09-14 17:45:10.367618+00,,7201,7269,7201,7269,"{""h"": 1, ""w"": 1, ""x"": 0, ""y"": 0}",full_bleed,ready,2026-07-30 19:33:17.728888+00,23214227,,ready print,0.9906452056679048,,False,not established,,,,,missing numeric dimensions
32a54d3a-3753-4944-91cb-b957cc5a5f1d,Seasonal Inspiration,seasonal-inspiration,active,10x10 in,lumaprints,cd4f6373-d07c-4273-b7a0-ab23500edf1b,ba6fcbaa-19fe-48bd-a967-f714195cbb28,Small — 11.95 × 12 in,canvas_print,canvas,11.95x12,11.95,12,S,False,0.9945553539019963,True,True,False,2026-07-30 20:29:16.604192+00,11.95x12,3288,3306,3288,3306,"{""h"": 1, ""w"": 1, ""x"": 0, ""y"": 0}",full_bleed,ready,2026-07-30 19:22:44.921+00,5771874,11.95 × 12,ready print,0.9945553539019963,11.95 × 12,True,high pattern match; historical creator unverified,,12 × 12,-0.05,0.0,near-standard odd
32a54d3a-3753-4944-91cb-b957cc5a5f1d,Seasonal Inspiration,seasonal-inspiration,active,10x10 in,lumaprints,cd4f6373-d07c-4273-b7a0-ab23500edf1b,3d6dfd70-ccac-41d5-a3d0-aab19e220244,Small — 11.95 × 12 in,,fine_art_paper,11.95x12,11.95,12,S,False,0.9945553539019963,True,True,False,2026-07-30 20:29:12.325727+00,11.95x12,3288,3306,3288,3306,"{""h"": 1, ""w"": 1, ""x"": 0, ""y"": 0}",full_bleed,ready,2026-07-30 19:22:44.921+00,5771874,11.95 × 12,ready print,0.9945553539019963,11.95 × 12,True,high pattern match; historical creator unverified,,12 × 12,-0.05,0.0,near-standard odd
24681852-03cc-4ea8-9c5e-ed2a8c0a3df8,Seeds,seeds,active,11x14 in,lumaprints,dee079b7-5730-499e-a1dd-210d8de64e2c,9c257751-adf9-4a7c-b122-06b9f1c2913e,Small — 12 × 9.45 in,canvas_print,canvas,12x9.45,12,9.45,S,False,1.2669028638913493,True,True,False,2026-09-14 20:36:17.481615+00,12x9.45,4291,3387,4291,3387,"{""h"": 1, ""w"": 1, ""x"": 0, ""y"": 0}",full_bleed,ready,2026-07-30 19:22:56.38+00,8789167,12 × 9.45,ready print,1.2669028638913493,12 × 9.45,True,high pattern match; historical creator unverified,,12 × 9,0.0,0.45,near-standard odd
24681852-03cc-4ea8-9c5e-ed2a8c0a3df8,Seeds,seeds,active,11x14 in,lumaprints,dee079b7-5730-499e-a1dd-210d8de64e2c,91911de5-e18d-499a-b037-060fabaf2c46,Medium — 20 × 15.8 in,canvas_print,canvas,20x15.8,20,15.8,M,False,1.2669028638913493,True,True,False,2026-09-14 20:36:17.481615+00,20x15.8,4291,3387,4291,3387,"{""h"": 1, ""w"": 1, ""x"": 0, ""y"": 0}",full_bleed,ready,2026-07-30 19:22:56.38+00,8789167,20 × 15.8,ready print,1.2669028638913493,20 × 15.8,True,high pattern match; historical creator unverified,,20 × 16,0.0,-0.2,near-standard odd
24681852-03cc-4ea8-9c5e-ed2a8c0a3df8,Seeds,seeds,active,11x14 in,lumaprints,dee079b7-5730-499e-a1dd-210d8de64e2c,28283a16-0356-44bb-b389-bd55de526a31,Small — 12 × 9.45 in,,fine_art_paper,12x9.45,12,9.45,S,False,1.2669028638913493,True,True,False,2026-09-14 20:36:17.481615+00,12x9.45,4291,3387,4291,3387,"{""h"": 1, ""w"": 1, ""x"": 0, ""y"": 0}",full_bleed,ready,2026-07-30 19:22:56.38+00,8789167,12 × 9.45,ready print,1.2669028638913493,12 × 9.45,True,high pattern match; historical creator unverified,,12 × 9,0.0,0.45,near-standard odd
24681852-03cc-4ea8-9c5e-ed2a8c0a3df8,Seeds,seeds,active,11x14 in,lumaprints,dee079b7-5730-499e-a1dd-210d8de64e2c,d8ba0895-ccbc-46aa-993b-ea9cd53be9f7,Medium — 20 × 15.8 in,,fine_art_paper,20x15.8,20,15.8,M,False,1.2669028638913493,True,True,False,2026-09-14 20:36:17.481615+00,20x15.8,4291,3387,4291,3387,"{""h"": 1, ""w"": 1, ""x"": 0, ""y"": 0}",full_bleed,ready,2026-07-30 19:22:56.38+00,8789167,20 × 15.8,ready print,1.2669028638913493,20 × 15.8,True,high pattern match; historical creator unverified,,20 × 16,0.0,-0.2,near-standard odd
be18df2f-5967-4a30-ab7d-36808922e62a,Solo,solo-print,active,8x18 in,lumaprints,83ae4045-2772-4ba4-be21-b8327792d3e4,b6d2fda8-f7c4-42f0-945c-2c53a2cedf88,Medium — 9.35 × 20 in,canvas_print,canvas,9.35x20,9.35,20,M,False,0.4662962962962963,True,True,False,2026-07-30 20:29:28.314275+00,9.35x20,2518,5400,2518,5400,"{""h"": 1, ""w"": 1, ""x"": 0, ""y"": 0}",full_bleed,ready,2026-07-30 19:29:17.357+00,40823108,9.35 × 20,ready print,0.4662962962962963,9.35 × 20,True,high pattern match; historical creator unverified,,10 × 20,-0.65,0.0,other nonstandard
be18df2f-5967-4a30-ab7d-36808922e62a,Solo,solo-print,active,8x18 in,lumaprints,83ae4045-2772-4ba4-be21-b8327792d3e4,b57dc002-5a1d-4cfc-ade1-67fb6882c353,Small — 5.6 × 12 in,,fine_art_paper,5.6x12,5.6,12,S,False,0.4662962962962963,True,True,False,2026-07-30 20:29:24.659011+00,5.6x12,2518,5400,2518,5400,"{""h"": 1, ""w"": 1, ""x"": 0, ""y"": 0}",full_bleed,ready,2026-07-30 19:29:17.357+00,40823108,5.6 × 12,ready print,0.4662962962962963,5.6 × 12,True,high pattern match; historical creator unverified,,8 × 12,-2.4,0.0,other nonstandard
be18df2f-5967-4a30-ab7d-36808922e62a,Solo,solo-print,active,8x18 in,lumaprints,83ae4045-2772-4ba4-be21-b8327792d3e4,f5973d16-74f9-4d4e-8ee5-0d08749c78c0,Medium — 9.35 × 20 in,,fine_art_paper,9.35x20,9.35,20,M,False,0.4662962962962963,True,True,False,2026-07-30 20:29:24.659011+00,9.35x20,2518,5400,2518,5400,"{""h"": 1, ""w"": 1, ""x"": 0, ""y"": 0}",full_bleed,ready,2026-07-30 19:29:17.357+00,40823108,9.35 × 20,ready print,0.4662962962962963,9.35 × 20,True,high pattern match; historical creator unverified,,10 × 20,-0.65,0.0,other nonstandard
9f90d224-177c-4e7c-a16e-ceec106a7618,Sweet Home Alabama,sweet-home-alabama,active,5x8 in,lumaprints,154b713a-12b9-4ad8-a988-1c4a01706373,76018cac-d6c6-4683-9afb-2d009fab2583,Small — 12 × 8.4 in,canvas_print,canvas,12x8.4,12,8.4,S,False,1.428537455410226,True,True,False,2026-07-30 20:54:07.247+00,12x8.4,6007,4205,6007,4205,"{""h"": 1, ""w"": 1, ""x"": 0, ""y"": 0}",full_bleed,ready,2026-07-30 19:26:51.846+00,13256777,12 × 8.4,ready print,1.428537455410226,12 × 8.4,True,high pattern match; historical creator unverified,,12 × 8,0.0,0.4,near-standard odd
9f90d224-177c-4e7c-a16e-ceec106a7618,Sweet Home Alabama,sweet-home-alabama,active,5x8 in,lumaprints,154b713a-12b9-4ad8-a988-1c4a01706373,35bafb01-09d4-4bb0-bf71-525bfe440a0e,Medium — 20 × 14 in,canvas_print,canvas,20x14,20,14,M,False,1.428537455410226,True,True,False,2026-07-30 20:54:12.584+00,20x14,6007,4205,6007,4205,"{""h"": 1, ""w"": 1, ""x"": 0, ""y"": 0}",full_bleed,ready,2026-07-30 19:26:51.846+00,13256777,20 × 14,ready print,1.428537455410226,20 × 14,True,high pattern match; historical creator unverified,,19 × 13,1.0,1.0,other nonstandard
9f90d224-177c-4e7c-a16e-ceec106a7618,Sweet Home Alabama,sweet-home-alabama,active,5x8 in,lumaprints,154b713a-12b9-4ad8-a988-1c4a01706373,11c02060-cc51-4332-904b-4cc19c681894,Large — 30 × 21 in,canvas_print,canvas,30x21,30,21,L,False,1.428537455410226,True,True,False,2026-07-30 20:54:09.808+00,30x21,6007,4205,6007,4205,"{""h"": 1, ""w"": 1, ""x"": 0, ""y"": 0}",full_bleed,ready,2026-07-30 19:26:51.846+00,13256777,30 × 21,ready print,1.428537455410226,30 × 21,True,high pattern match; historical creator unverified,,30 × 20,0.0,1.0,other nonstandard
9f90d224-177c-4e7c-a16e-ceec106a7618,Sweet Home Alabama,sweet-home-alabama,active,5x8 in,lumaprints,154b713a-12b9-4ad8-a988-1c4a01706373,ba305dca-d55e-4a31-a6f7-e9160c63a301,Small — 12 × 8.4 in,,fine_art_paper,12x8.4,12,8.4,S,False,1.428537455410226,True,True,False,2026-07-30 20:54:15.563+00,12x8.4,6007,4205,6007,4205,"{""h"": 1, ""w"": 1, ""x"": 0, ""y"": 0}",full_bleed,ready,2026-07-30 19:26:51.846+00,13256777,12 × 8.4,ready print,1.428537455410226,12 × 8.4,True,high pattern match; historical creator unverified,,12 × 8,0.0,0.4,near-standard odd
9f90d224-177c-4e7c-a16e-ceec106a7618,Sweet Home Alabama,sweet-home-alabama,active,5x8 in,lumaprints,154b713a-12b9-4ad8-a988-1c4a01706373,b7c4a0b7-ed6f-486d-842c-88137faf7b62,Medium — 20 × 14 in,,fine_art_paper,20x14,20,14,M,False,1.428537455410226,True,True,False,2026-07-30 20:54:18.041+00,20x14,6007,4205,6007,4205,"{""h"": 1, ""w"": 1, ""x"": 0, ""y"": 0}",full_bleed,ready,2026-07-30 19:26:51.846+00,13256777,20 × 14,ready print,1.428537455410226,20 × 14,True,high pattern match; historical creator unverified,,19 × 13,1.0,1.0,other nonstandard
9f90d224-177c-4e7c-a16e-ceec106a7618,Sweet Home Alabama,sweet-home-alabama,active,5x8 in,lumaprints,154b713a-12b9-4ad8-a988-1c4a01706373,3832bf38-0df9-4bbf-8c9e-90dbef878375,Large — 30 × 21 in,,fine_art_paper,30x21,30,21,L,False,1.428537455410226,True,True,False,2026-07-30 20:54:20.691+00,30x21,6007,4205,6007,4205,"{""h"": 1, ""w"": 1, ""x"": 0, ""y"": 0}",full_bleed,ready,2026-07-30 19:26:51.846+00,13256777,30 × 21,ready print,1.428537455410226,30 × 21,True,high pattern match; historical creator unverified,,30 × 20,0.0,1.0,other nonstandard
9f90d224-177c-4e7c-a16e-ceec106a7618,Sweet Home Alabama,sweet-home-alabama,active,5x8 in,lumaprints,154b713a-12b9-4ad8-a988-1c4a01706373,06e6ca00-fef3-4efc-93d5-79294f33d07a,Original,original,,,,,,False,,True,True,False,2026-07-30 16:40:15.691751+00,,6007,4205,6007,4205,"{""h"": 1, ""w"": 1, ""x"": 0, ""y"": 0}",full_bleed,ready,2026-07-30 19:26:51.846+00,13256777,,ready print,1.428537455410226,,False,not established,,,,,missing numeric dimensions
c3bd3f1b-445b-4feb-a8f1-6be7ad4e9db1,The Dual,the-dual,active,9x19 in,lumaprints,612ab6ae-72ee-4af2-bdf2-1e8252ac5d1b,1721a0a7-52b0-4cfa-b930-d4854c5cafcf,Small — 6 × 12 in,canvas_print,canvas,6x12,6,12,S,False,0.49883372209263577,True,True,False,2026-07-30 20:30:53.594023+00,6x12,5988,12004,5988,12004,"{""h"": 1, ""w"": 1, ""x"": 0, ""y"": 0}",full_bleed,ready,2026-07-30 19:33:17.728888+00,34565960,6 × 12,ready print,0.49883372209263577,6 × 12,True,high pattern match; historical creator unverified,,8 × 12,-2.0,0.0,other nonstandard
c3bd3f1b-445b-4feb-a8f1-6be7ad4e9db1,The Dual,the-dual,active,9x19 in,lumaprints,612ab6ae-72ee-4af2-bdf2-1e8252ac5d1b,42382ea3-5b17-433f-bc02-11badfa04f68,Medium — 10 × 20 in,canvas_print,canvas,10x20,10,20,M,False,0.49883372209263577,True,True,False,2026-07-30 20:30:53.594023+00,10x20,5988,12004,5988,12004,"{""h"": 1, ""w"": 1, ""x"": 0, ""y"": 0}",full_bleed,ready,2026-07-30 19:33:17.728888+00,34565960,10 × 20,ready print,0.49883372209263577,10 × 20,True,high pattern match; historical creator unverified,,10 × 20,0.0,0.0,exact standard
c3bd3f1b-445b-4feb-a8f1-6be7ad4e9db1,The Dual,the-dual,active,9x19 in,lumaprints,612ab6ae-72ee-4af2-bdf2-1e8252ac5d1b,837487ed-7fb1-4d5a-b8b7-7d1da78a82a4,Large — 14.95 × 30 in,canvas_print,canvas,14.95x30,14.95,30,L,False,0.49883372209263577,True,True,False,2026-07-30 20:30:53.594023+00,14.95x30,5988,12004,5988,12004,"{""h"": 1, ""w"": 1, ""x"": 0, ""y"": 0}",full_bleed,ready,2026-07-30 19:33:17.728888+00,34565960,14.95 × 30,ready print,0.49883372209263577,14.95 × 30,True,high pattern match; historical creator unverified,,16 × 24,-1.05,6.0,other nonstandard
c3bd3f1b-445b-4feb-a8f1-6be7ad4e9db1,The Dual,the-dual,active,9x19 in,lumaprints,612ab6ae-72ee-4af2-bdf2-1e8252ac5d1b,c73929d8-03df-4a81-94d3-2c88026d2698,Small — 6 × 12 in,,fine_art_paper,6x12,6,12,S,False,0.49883372209263577,True,True,False,2026-07-30 20:30:44.553015+00,6x12,5988,12004,5988,12004,"{""h"": 1, ""w"": 1, ""x"": 0, ""y"": 0}",full_bleed,ready,2026-07-30 19:33:17.728888+00,34565960,6 × 12,ready print,0.49883372209263577,6 × 12,True,high pattern match; historical creator unverified,,8 × 12,-2.0,0.0,other nonstandard
c3bd3f1b-445b-4feb-a8f1-6be7ad4e9db1,The Dual,the-dual,active,9x19 in,lumaprints,612ab6ae-72ee-4af2-bdf2-1e8252ac5d1b,7bac9f0d-de0f-4ba5-a685-b491b3aa40e1,Medium — 10 × 20 in,,fine_art_paper,10x20,10,20,M,False,0.49883372209263577,True,True,False,2026-07-30 20:30:44.553015+00,10x20,5988,12004,5988,12004,"{""h"": 1, ""w"": 1, ""x"": 0, ""y"": 0}",full_bleed,ready,2026-07-30 19:33:17.728888+00,34565960,10 × 20,ready print,0.49883372209263577,10 × 20,True,high pattern match; historical creator unverified,,10 × 20,0.0,0.0,exact standard
c3bd3f1b-445b-4feb-a8f1-6be7ad4e9db1,The Dual,the-dual,active,9x19 in,lumaprints,612ab6ae-72ee-4af2-bdf2-1e8252ac5d1b,23de0f55-4484-40c6-9fc4-599b74b30736,Large — 14.95 × 30 in,,fine_art_paper,14.95x30,14.95,30,L,False,0.49883372209263577,True,True,False,2026-07-30 20:30:44.553015+00,14.95x30,5988,12004,5988,12004,"{""h"": 1, ""w"": 1, ""x"": 0, ""y"": 0}",full_bleed,ready,2026-07-30 19:33:17.728888+00,34565960,14.95 × 30,ready print,0.49883372209263577,14.95 × 30,True,high pattern match; historical creator unverified,,16 × 24,-1.05,6.0,other nonstandard
c3bd3f1b-445b-4feb-a8f1-6be7ad4e9db1,The Dual,the-dual,active,9x19 in,lumaprints,612ab6ae-72ee-4af2-bdf2-1e8252ac5d1b,0de4b8b1-569b-44bf-855f-534a19b649c7,Original,original,,,,,,False,,True,True,False,2026-07-30 16:40:15.691751+00,,5988,12004,5988,12004,"{""h"": 1, ""w"": 1, ""x"": 0, ""y"": 0}",full_bleed,ready,2026-07-30 19:33:17.728888+00,34565960,,ready print,0.49883372209263577,,False,not established,,,,,missing numeric dimensions
4318f2e0-5e62-47f4-919d-1111e2d39fda,Think Again (Paintin' the Ass),think-again-paintin-the-ass,active,36 x 48 in,lumaprints,ad319b0f-87e4-4836-844c-4b8c7b1d6b01,100ec87b-5358-42d8-9f7e-241890fb1040,Small — 12 × 9 in,canvas_print,canvas,12x9,12,9,S,False,1.3333333333333333,True,True,False,2026-09-14 19:50:07.167246+00,12x9,13000,9750,13000,9750,"{""h"": 1, ""w"": 1, ""x"": 0, ""y"": 0}",full_bleed,ready,2026-07-30 19:33:17.728888+00,28607640,12 × 9,ready print,1.3333333333333333,12 × 9,True,high pattern match; historical creator unverified,,12 × 9,0.0,0.0,exact standard
4318f2e0-5e62-47f4-919d-1111e2d39fda,Think Again (Paintin' the Ass),think-again-paintin-the-ass,active,36 x 48 in,lumaprints,ad319b0f-87e4-4836-844c-4b8c7b1d6b01,d1d9d81f-5635-4310-9eb7-bd95f345b059,Medium — 20 × 15 in,canvas_print,canvas,20x15,20,15,M,False,1.3333333333333333,True,True,False,2026-09-14 19:50:07.167246+00,20x15,13000,9750,13000,9750,"{""h"": 1, ""w"": 1, ""x"": 0, ""y"": 0}",full_bleed,ready,2026-07-30 19:33:17.728888+00,28607640,20 × 15,ready print,1.3333333333333333,20 × 15,True,high pattern match; historical creator unverified,,20 × 16,0.0,-1.0,other nonstandard
4318f2e0-5e62-47f4-919d-1111e2d39fda,Think Again (Paintin' the Ass),think-again-paintin-the-ass,active,36 x 48 in,lumaprints,ad319b0f-87e4-4836-844c-4b8c7b1d6b01,eede808e-a93a-4c41-9768-9bc7388b1317,Large — 30 × 22.5 in,canvas_print,canvas,30x22.5,30,22.5,L,False,1.3333333333333333,True,True,False,2026-09-14 19:50:07.167246+00,30x22.5,13000,9750,13000,9750,"{""h"": 1, ""w"": 1, ""x"": 0, ""y"": 0}",full_bleed,ready,2026-07-30 19:33:17.728888+00,28607640,30 × 22.5,ready print,1.3333333333333333,30 × 22.5,True,high pattern match; historical creator unverified,,30 × 24,0.0,-1.5,other nonstandard
4318f2e0-5e62-47f4-919d-1111e2d39fda,Think Again (Paintin' the Ass),think-again-paintin-the-ass,active,36 x 48 in,lumaprints,ad319b0f-87e4-4836-844c-4b8c7b1d6b01,559497c2-8f7f-4dad-a173-9b9e0105a934,Small — 12 × 9 in,,fine_art_paper,12x9,12,9,S,False,1.3333333333333333,True,True,False,2026-09-14 19:50:07.167246+00,12x9,13000,9750,13000,9750,"{""h"": 1, ""w"": 1, ""x"": 0, ""y"": 0}",full_bleed,ready,2026-07-30 19:33:17.728888+00,28607640,12 × 9,ready print,1.3333333333333333,12 × 9,True,high pattern match; historical creator unverified,,12 × 9,0.0,0.0,exact standard
4318f2e0-5e62-47f4-919d-1111e2d39fda,Think Again (Paintin' the Ass),think-again-paintin-the-ass,active,36 x 48 in,lumaprints,ad319b0f-87e4-4836-844c-4b8c7b1d6b01,6641af26-daa4-4f2d-a644-beeb6147b88c,Medium — 20 × 15 in,,fine_art_paper,20x15,20,15,M,False,1.3333333333333333,True,True,False,2026-09-14 19:50:07.167246+00,20x15,13000,9750,13000,9750,"{""h"": 1, ""w"": 1, ""x"": 0, ""y"": 0}",full_bleed,ready,2026-07-30 19:33:17.728888+00,28607640,20 × 15,ready print,1.3333333333333333,20 × 15,True,high pattern match; historical creator unverified,,20 × 16,0.0,-1.0,other nonstandard
4318f2e0-5e62-47f4-919d-1111e2d39fda,Think Again (Paintin' the Ass),think-again-paintin-the-ass,active,36 x 48 in,lumaprints,ad319b0f-87e4-4836-844c-4b8c7b1d6b01,4b928491-bce2-4848-8621-2f72d0788c2f,Large — 30 × 22.5 in,,fine_art_paper,30x22.5,30,22.5,L,False,1.3333333333333333,True,True,False,2026-09-14 19:50:07.167246+00,30x22.5,13000,9750,13000,9750,"{""h"": 1, ""w"": 1, ""x"": 0, ""y"": 0}",full_bleed,ready,2026-07-30 19:33:17.728888+00,28607640,30 × 22.5,ready print,1.3333333333333333,30 × 22.5,True,high pattern match; historical creator unverified,,30 × 24,0.0,-1.5,other nonstandard
4318f2e0-5e62-47f4-919d-1111e2d39fda,Think Again (Paintin' the Ass),think-again-paintin-the-ass,active,36 x 48 in,lumaprints,ad319b0f-87e4-4836-844c-4b8c7b1d6b01,9e49d09a-ca0a-4800-9df1-bbc6d9021fdb,Original,original,,,,,,False,,True,True,False,2026-09-14 19:50:07.167246+00,,13000,9750,13000,9750,"{""h"": 1, ""w"": 1, ""x"": 0, ""y"": 0}",full_bleed,ready,2026-07-30 19:33:17.728888+00,28607640,,ready print,1.3333333333333333,,False,not established,,,,,missing numeric dimensions
d33ddb24-9849-416a-8973-4a3f9539e75f,Three Horses,three-horses,active,8x8 in,lumaprints,c6e4c13c-9d91-4be9-8420-767fe9af3845,5e0df552-19cf-484c-8656-25f40537a811,Small — 11.85 × 12 in,canvas_print,canvas,11.85x12,11.85,12,S,False,0.9882643607164917,True,True,False,2026-09-14 17:12:15.258349+00,11.85x12,4800,4857,4800,4857,"{""h"": 1, ""w"": 1, ""x"": 0, ""y"": 0}",full_bleed,ready,2026-07-30 19:23:30.041+00,11887880,11.85 × 12,ready print,0.9882643607164917,11.85 × 12,True,high pattern match; historical creator unverified,,12 × 12,-0.15,0.0,near-standard odd
d33ddb24-9849-416a-8973-4a3f9539e75f,Three Horses,three-horses,active,8x8 in,lumaprints,c6e4c13c-9d91-4be9-8420-767fe9af3845,b68e2d06-fdc9-4761-9986-2a2af7966c06,Medium — 19.75 × 20 in,canvas_print,canvas,19.75x20,19.75,20,M,False,0.9882643607164917,False,False,False,2026-09-14 17:12:15.258349+00,19.75x20,4800,4857,4800,4857,"{""h"": 1, ""w"": 1, ""x"": 0, ""y"": 0}",full_bleed,ready,2026-07-30 19:23:30.041+00,11887880,19.75 × 20,ready print,0.9882643607164917,19.75 × 20,True,high pattern match; historical creator unverified,,20 × 20,-0.25,0.0,near-standard odd
d33ddb24-9849-416a-8973-4a3f9539e75f,Three Horses,three-horses,active,8x8 in,lumaprints,c6e4c13c-9d91-4be9-8420-767fe9af3845,52b0d6cf-804b-4219-b78a-2b2ba226aa0d,Small — 11.85 × 12 in,,fine_art_paper,11.85x12,11.85,12,S,False,0.9882643607164917,True,True,False,2026-09-14 17:12:15.258349+00,11.85x12,4800,4857,4800,4857,"{""h"": 1, ""w"": 1, ""x"": 0, ""y"": 0}",full_bleed,ready,2026-07-30 19:23:30.041+00,11887880,11.85 × 12,ready print,0.9882643607164917,11.85 × 12,True,high pattern match; historical creator unverified,,12 × 12,-0.15,0.0,near-standard odd
d33ddb24-9849-416a-8973-4a3f9539e75f,Three Horses,three-horses,active,8x8 in,lumaprints,c6e4c13c-9d91-4be9-8420-767fe9af3845,9d7599cc-965a-4117-b281-9dadf9106a5a,Medium — 19.75 × 20 in,,fine_art_paper,19.75x20,19.75,20,M,False,0.9882643607164917,True,True,False,2026-09-14 17:12:15.258349+00,19.75x20,4800,4857,4800,4857,"{""h"": 1, ""w"": 1, ""x"": 0, ""y"": 0}",full_bleed,ready,2026-07-30 19:23:30.041+00,11887880,19.75 × 20,ready print,0.9882643607164917,19.75 × 20,True,high pattern match; historical creator unverified,,20 × 20,-0.25,0.0,near-standard odd
d33ddb24-9849-416a-8973-4a3f9539e75f,Three Horses,three-horses,active,8x8 in,lumaprints,c6e4c13c-9d91-4be9-8420-767fe9af3845,e727e35a-c2c5-4c1a-8868-6e09161c0762,Original,original,,,,,,False,,True,True,False,2026-09-14 17:12:15.258349+00,,4800,4857,4800,4857,"{""h"": 1, ""w"": 1, ""x"": 0, ""y"": 0}",full_bleed,ready,2026-07-30 19:23:30.041+00,11887880,,ready print,0.9882643607164917,,False,not established,,,,,missing numeric dimensions
8b29a146-4d34-4b1a-8837-bd044e6216c1,Unexpected,unexpected,active,18x24 in,lumaprints,f786858f-b0fb-46fa-8dba-9f73b97681ff,53384206-1060-4db9-9fc1-ac212c295632,Small — 12 × 9 in,canvas_print,canvas,12x9,12,9,S,False,1.3333333333333333,True,True,False,2026-09-14 20:26:35.094118+00,12x9,14204,10653,14204,10653,"{""h"": 1, ""w"": 1, ""x"": 0, ""y"": 0}",full_bleed,ready,2026-07-30 19:33:17.728888+00,37010510,12 × 9,ready print,1.3333333333333333,12 × 9,True,high pattern match; historical creator unverified,,12 × 9,0.0,0.0,exact standard
8b29a146-4d34-4b1a-8837-bd044e6216c1,Unexpected,unexpected,active,18x24 in,lumaprints,f786858f-b0fb-46fa-8dba-9f73b97681ff,ac71330e-4f70-4f52-813c-d93369a641ba,Medium — 20 × 15 in,canvas_print,canvas,20x15,20,15,M,False,1.3333333333333333,True,True,False,2026-09-14 20:26:35.094118+00,20x15,14204,10653,14204,10653,"{""h"": 1, ""w"": 1, ""x"": 0, ""y"": 0}",full_bleed,ready,2026-07-30 19:33:17.728888+00,37010510,20 × 15,ready print,1.3333333333333333,20 × 15,True,high pattern match; historical creator unverified,,20 × 16,0.0,-1.0,other nonstandard
8b29a146-4d34-4b1a-8837-bd044e6216c1,Unexpected,unexpected,active,18x24 in,lumaprints,f786858f-b0fb-46fa-8dba-9f73b97681ff,98360635-cc66-4c15-93f0-40b00cc77163,Large — 30 × 22.5 in,canvas_print,canvas,30x22.5,30,22.5,L,False,1.3333333333333333,True,True,False,2026-09-14 20:26:35.094118+00,30x22.5,14204,10653,14204,10653,"{""h"": 1, ""w"": 1, ""x"": 0, ""y"": 0}",full_bleed,ready,2026-07-30 19:33:17.728888+00,37010510,30 × 22.5,ready print,1.3333333333333333,30 × 22.5,True,high pattern match; historical creator unverified,,30 × 24,0.0,-1.5,other nonstandard
8b29a146-4d34-4b1a-8837-bd044e6216c1,Unexpected,unexpected,active,18x24 in,lumaprints,f786858f-b0fb-46fa-8dba-9f73b97681ff,4c8b063c-6ef3-4fef-a9ae-9bd76e55f051,Small — 12 × 9 in,,fine_art_paper,12x9,12,9,S,False,1.3333333333333333,True,True,False,2026-09-14 20:26:35.094118+00,12x9,14204,10653,14204,10653,"{""h"": 1, ""w"": 1, ""x"": 0, ""y"": 0}",full_bleed,ready,2026-07-30 19:33:17.728888+00,37010510,12 × 9,ready print,1.3333333333333333,12 × 9,True,high pattern match; historical creator unverified,,12 × 9,0.0,0.0,exact standard
8b29a146-4d34-4b1a-8837-bd044e6216c1,Unexpected,unexpected,active,18x24 in,lumaprints,f786858f-b0fb-46fa-8dba-9f73b97681ff,e8c2c13c-04d7-4487-9183-9f5323afa070,Medium — 20 × 15 in,,fine_art_paper,20x15,20,15,M,False,1.3333333333333333,True,True,False,2026-09-14 20:26:35.094118+00,20x15,14204,10653,14204,10653,"{""h"": 1, ""w"": 1, ""x"": 0, ""y"": 0}",full_bleed,ready,2026-07-30 19:33:17.728888+00,37010510,20 × 15,ready print,1.3333333333333333,20 × 15,True,high pattern match; historical creator unverified,,20 × 16,0.0,-1.0,other nonstandard
8b29a146-4d34-4b1a-8837-bd044e6216c1,Unexpected,unexpected,active,18x24 in,lumaprints,f786858f-b0fb-46fa-8dba-9f73b97681ff,59177e3d-1261-4229-bedd-9900490e635e,Large — 30 × 22.5 in,,fine_art_paper,30x22.5,30,22.5,L,False,1.3333333333333333,True,True,False,2026-09-14 20:26:35.094118+00,30x22.5,14204,10653,14204,10653,"{""h"": 1, ""w"": 1, ""x"": 0, ""y"": 0}",full_bleed,ready,2026-07-30 19:33:17.728888+00,37010510,30 × 22.5,ready print,1.3333333333333333,30 × 22.5,True,high pattern match; historical creator unverified,,30 × 24,0.0,-1.5,other nonstandard
8b29a146-4d34-4b1a-8837-bd044e6216c1,Unexpected,unexpected,active,18x24 in,lumaprints,f786858f-b0fb-46fa-8dba-9f73b97681ff,39f43bd3-bcd6-43c7-a85c-5e97f6726b87,Original,original,,,,,,False,,True,True,False,2026-09-14 20:26:35.094118+00,,14204,10653,14204,10653,"{""h"": 1, ""w"": 1, ""x"": 0, ""y"": 0}",full_bleed,ready,2026-07-30 19:33:17.728888+00,37010510,,ready print,1.3333333333333333,,False,not established,,,,,missing numeric dimensions
07578057-0167-42c5-be06-9b2a1ece0697,Unseen Purpose,unseen-purpose,active,6x8.5 in,lumaprints,9a3a3a4c-730d-43cc-8f78-4b9f8b5be1b0,7142dd1b-feb0-46bb-8604-ed37dbe807f9,Small — 8.45 × 12 in,canvas_print,canvas,8.45x12,8.45,12,S,False,0.7062451811873555,True,True,False,2026-07-30 20:32:16.450225+00,8.45x12,1832,2594,1832,2594,"{""h"": 1, ""w"": 1, ""x"": 0, ""y"": 0}",full_bleed,ready,2026-07-30 19:28:02.833+00,5778790,8.45 × 12,ready print,0.7062451811873555,8.45 × 12,True,high pattern match; historical creator unverified,,8 × 12,0.45,0.0,near-standard odd
07578057-0167-42c5-be06-9b2a1ece0697,Unseen Purpose,unseen-purpose,active,6x8.5 in,lumaprints,9a3a3a4c-730d-43cc-8f78-4b9f8b5be1b0,6f8c684a-cff0-4b45-8648-7b2d02c1d918,Small — 8.45 × 12 in,,fine_art_paper,8.45x12,8.45,12,S,False,0.7062451811873555,True,True,False,2026-07-30 20:32:12.893957+00,8.45x12,1832,2594,1832,2594,"{""h"": 1, ""w"": 1, ""x"": 0, ""y"": 0}",full_bleed,ready,2026-07-30 19:28:02.833+00,5778790,8.45 × 12,ready print,0.7062451811873555,8.45 × 12,True,high pattern match; historical creator unverified,,8 × 12,0.45,0.0,near-standard odd
